2026-05-06T09:59:29,649 INFO     [utils.py:127] Begin logging.
2026-05-06T09:59:29,664 INFO     [lyrics.py:64] Track: Nine Inch Nails & Boys Noize - Intro (Nine Inch Noize) (duration: 77.65191666666666)
2026-05-06T09:59:37,374 INFO     [lyrics.py:109] Number of results: 6
2026-05-06T09:59:37,374 INFO     [lyrics.py:85] No lyrics selected
2026-05-06T09:59:37,374 INFO     [lyrics.py:194] Attaching empty lyrics to file.
2026-05-06T09:59:37,374 INFO     [lyrics.py:64] Track: Nine Inch Nails & Boys Noize - Vessel (Nine Inch Noize) (duration: 256.9296875)
2026-05-06T09:59:43,495 INFO     [lyrics.py:109] Number of results: 4
2026-05-06T09:59:43,495 INFO     [lyrics.py:85] No lyrics selected
2026-05-06T09:59:43,495 INFO     [lyrics.py:194] Attaching empty lyrics to file.
2026-05-06T09:59:43,495 INFO     [lyrics.py:64] Track: Nine Inch Nails & Boys Noize - She’s Gone Away (Nine Inch Noize) (duration: 212.854875)
2026-05-06T09:59:50,015 INFO     [lyrics.py:109] Number of results: 4
2026-05-06T09:59:50,015 INFO     [lyrics.py:85] No lyrics selected
2026-05-06T09:59:50,015 INFO     [lyrics.py:194] Attaching empty lyrics to file.
2026-05-06T09:59:50,015 INFO     [lyrics.py:64] Track: Nine Inch Nails & Boys Noize - Heresy (Nine Inch Noize) (duration: 237.96329166666666)
2026-05-06T09:59:57,247 INFO     [lyrics.py:109] Number of results: 2
2026-05-06T09:59:57,247 INFO     [lyrics.py:85] No lyrics selected
2026-05-06T09:59:57,247 INFO     [lyrics.py:194] Attaching empty lyrics to file.
2026-05-06T09:59:57,247 INFO     [lyrics.py:64] Track: Nine Inch Nails & Boys Noize - Parasite (Nine Inch Noize) (duration: 270.2337708333333)
2026-05-06T10:00:04,845 INFO     [lyrics.py:109] Number of results: 4
2026-05-06T10:00:04,845 INFO     [lyrics.py:79] Lyrics selected
2026-05-06T10:00:04,845 INFO     [lyrics.py:194] Attaching  lyrics to file.
2026-05-06T10:00:04,845 ERROR    [lyrics.py:92] Invalid StringSpec[3] data: 'NONE'
2026-05-06T10:00:04,847 INFO     [lyrics.py:94] Lyrics found for 1 of 12 tracks.
2026-05-06T10:03:07,942 INFO     [utils.py:127] Begin logging.
2026-05-06T10:03:07,964 INFO     [lyrics.py:64] Track: Nine Inch Nails & Boys Noize - Intro (Nine Inch Noize) (duration: 77.65191666666666)
2026-05-06T10:03:07,964 INFO     [lyrics.py:66] Lyrics already attached (overwrite: False)
2026-05-06T10:03:07,964 INFO     [lyrics.py:64] Track: Nine Inch Nails & Boys Noize - Vessel (Nine Inch Noize) (duration: 256.9296875)
2026-05-06T10:03:07,964 INFO     [lyrics.py:66] Lyrics already attached (overwrite: False)
2026-05-06T10:03:07,964 INFO     [lyrics.py:64] Track: Nine Inch Nails & Boys Noize - She’s Gone Away (Nine Inch Noize) (duration: 212.854875)
2026-05-06T10:03:07,964 INFO     [lyrics.py:66] Lyrics already attached (overwrite: False)
2026-05-06T10:03:07,964 INFO     [lyrics.py:64] Track: Nine Inch Nails & Boys Noize - Heresy (Nine Inch Noize) (duration: 237.96329166666666)
2026-05-06T10:03:07,964 INFO     [lyrics.py:66] Lyrics already attached (overwrite: False)
2026-05-06T10:03:07,964 INFO     [lyrics.py:64] Track: Nine Inch Nails & Boys Noize - Parasite (Nine Inch Noize) (duration: 270.2337708333333)
2026-05-06T10:03:14,742 INFO     [lyrics.py:111] Number of results: 4
2026-05-06T10:03:14,742 INFO     [lyrics.py:79] Lyrics selected
2026-05-06T10:03:14,742 INFO     [lyrics.py:196] Attaching  lyrics to file.
2026-05-06T10:03:14,742 ERROR    [lyrics.py:92] Invalid StringSpec[3] data: 'NONE'
2026-05-06T10:03:14,742 INFO     [lyrics.py:96] Lyrics found for 1 of 12 tracks.
2026-05-06T10:07:20,559 INFO     [utils.py:127] Begin logging.
2026-05-06T10:07:20,577 INFO     [lyrics.py:64] Track: Nine Inch Nails & Boys Noize - Intro (Nine Inch Noize) (duration: 77.65191666666666)
2026-05-06T10:07:20,577 INFO     [lyrics.py:66] Lyrics already attached (overwrite: False)
2026-05-06T10:07:20,577 INFO     [lyrics.py:64] Track: Nine Inch Nails & Boys Noize - Vessel (Nine Inch Noize) (duration: 256.9296875)
2026-05-06T10:07:20,579 INFO     [lyrics.py:66] Lyrics already attached (overwrite: False)
2026-05-06T10:07:20,579 INFO     [lyrics.py:64] Track: Nine Inch Nails & Boys Noize - She’s Gone Away (Nine Inch Noize) (duration: 212.854875)
2026-05-06T10:07:20,579 INFO     [lyrics.py:66] Lyrics already attached (overwrite: False)
2026-05-06T10:07:20,579 INFO     [lyrics.py:64] Track: Nine Inch Nails & Boys Noize - Heresy (Nine Inch Noize) (duration: 237.96329166666666)
2026-05-06T10:07:20,579 INFO     [lyrics.py:66] Lyrics already attached (overwrite: False)
2026-05-06T10:07:20,579 INFO     [lyrics.py:64] Track: Nine Inch Nails & Boys Noize - Parasite (Nine Inch Noize) (duration: 270.2337708333333)
2026-05-06T10:07:28,030 INFO     [lyrics.py:109] Number of results: 4
2026-05-06T10:07:28,030 INFO     [lyrics.py:79] Lyrics selected
2026-05-06T10:07:28,030 INFO     [lyrics.py:194] Attaching  lyrics to file.
2026-05-06T10:07:28,030 ERROR    [lyrics.py:92] Invalid StringSpec[3] data: 'NONE'
2026-05-06T10:08:05,312 INFO     [utils.py:127] Begin logging.
2026-05-06T10:08:05,312 DEBUG    [lyrics.py:223] <__main__.fake_args object at 0x000001BF7971B200>
2026-05-06T10:08:05,381 INFO     [lyrics.py:64] Track: Nine Inch Nails & Boys Noize - Intro (Nine Inch Noize) (duration: 77.65191666666666)
2026-05-06T10:08:05,381 INFO     [lyrics.py:66] Lyrics already attached (overwrite: False)
2026-05-06T10:08:05,381 INFO     [lyrics.py:64] Track: Nine Inch Nails & Boys Noize - Vessel (Nine Inch Noize) (duration: 256.9296875)
2026-05-06T10:08:05,381 INFO     [lyrics.py:66] Lyrics already attached (overwrite: False)
2026-05-06T10:08:05,381 INFO     [lyrics.py:64] Track: Nine Inch Nails & Boys Noize - She’s Gone Away (Nine Inch Noize) (duration: 212.854875)
2026-05-06T10:08:05,381 INFO     [lyrics.py:66] Lyrics already attached (overwrite: False)
2026-05-06T10:08:05,381 INFO     [lyrics.py:64] Track: Nine Inch Nails & Boys Noize - Heresy (Nine Inch Noize) (duration: 237.96329166666666)
2026-05-06T10:08:05,381 INFO     [lyrics.py:66] Lyrics already attached (overwrite: False)
2026-05-06T10:08:05,381 INFO     [lyrics.py:64] Track: Nine Inch Nails & Boys Noize - Parasite (Nine Inch Noize) (duration: 270.2337708333333)
2026-05-06T10:08:05,389 DEBUG    [connectionpool.py:1049] Starting new HTTPS connection (1): lrclib.net:443
2026-05-06T10:08:10,579 DEBUG    [connectionpool.py:544] https://lrclib.net:443 "GET /api/search?q=Parasite+Nine+Inch+Nails+Nine+Inch+Noize HTTP/1.1" 200 None
2026-05-06T10:08:10,585 DEBUG    [lyrics.py:167] params: {'q': 'Parasite Nine Inch Nails Nine Inch Noize'}
2026-05-06T10:08:10,585 DEBUG    [lyrics.py:168] Number of results: 4
2026-05-06T10:09:37,233 INFO     [utils.py:127] Begin logging.
2026-05-06T10:09:37,233 DEBUG    [lyrics.py:223] <__main__.fake_args object at 0x000001BE95F86390>
2026-05-06T10:09:37,299 INFO     [lyrics.py:64] Track: Nine Inch Nails & Boys Noize - Intro (Nine Inch Noize) (duration: 77.65191666666666)
2026-05-06T10:09:37,299 INFO     [lyrics.py:66] Lyrics already attached (overwrite: False)
2026-05-06T10:09:37,299 INFO     [lyrics.py:64] Track: Nine Inch Nails & Boys Noize - Vessel (Nine Inch Noize) (duration: 256.9296875)
2026-05-06T10:09:37,299 INFO     [lyrics.py:66] Lyrics already attached (overwrite: False)
2026-05-06T10:09:37,299 INFO     [lyrics.py:64] Track: Nine Inch Nails & Boys Noize - She’s Gone Away (Nine Inch Noize) (duration: 212.854875)
2026-05-06T10:09:37,299 INFO     [lyrics.py:66] Lyrics already attached (overwrite: False)
2026-05-06T10:09:37,299 INFO     [lyrics.py:64] Track: Nine Inch Nails & Boys Noize - Heresy (Nine Inch Noize) (duration: 237.96329166666666)
2026-05-06T10:09:37,299 INFO     [lyrics.py:66] Lyrics already attached (overwrite: False)
2026-05-06T10:09:37,299 INFO     [lyrics.py:64] Track: Nine Inch Nails & Boys Noize - Parasite (Nine Inch Noize) (duration: 270.2337708333333)
2026-05-06T10:09:37,309 DEBUG    [connectionpool.py:1049] Starting new HTTPS connection (1): lrclib.net:443
2026-05-06T10:09:48,572 DEBUG    [connectionpool.py:544] https://lrclib.net:443 "GET /api/search?q=Parasite+Nine+Inch+Nails+Nine+Inch+Noize HTTP/1.1" 200 None
2026-05-06T10:09:48,575 DEBUG    [lyrics.py:167] params: {'q': 'Parasite Nine Inch Nails Nine Inch Noize'}
2026-05-06T10:09:48,575 DEBUG    [lyrics.py:168] Number of results: 4
2026-05-06T10:09:48,575 INFO     [lyrics.py:109] Number of results: 4
2026-05-06T10:10:57,590 DEBUG    [lyrics.py:99] 	id: 33261996
2026-05-06T10:10:57,591 DEBUG    [lyrics.py:100] 	trackName: Parasite
2026-05-06T10:10:57,591 DEBUG    [lyrics.py:101] 	artistName: Nine Inch Nails
2026-05-06T10:10:57,591 DEBUG    [lyrics.py:102] 	albumName: Nine Inch Noize
2026-05-06T10:10:57,591 DEBUG    [lyrics.py:103] 	duration: 270.0
2026-05-06T10:10:57,591 DEBUG    [lyrics.py:104] 	lyric_type exists: yes
2026-05-06T10:11:04,234 DEBUG    [lyrics.py:99] 	id: 33193947
2026-05-06T10:11:04,234 DEBUG    [lyrics.py:100] 	trackName: Parasite (Nine Inch Noize Version)
2026-05-06T10:11:04,235 DEBUG    [lyrics.py:101] 	artistName: Nine Inch Nails
2026-05-06T10:11:04,235 DEBUG    [lyrics.py:102] 	albumName: Nine Inch Noize
2026-05-06T10:11:04,235 DEBUG    [lyrics.py:103] 	duration: 270.0
2026-05-06T10:11:04,235 DEBUG    [lyrics.py:104] 	lyric_type exists: no
2026-05-06T10:11:10,879 DEBUG    [lyrics.py:99] 	id: 33340808
2026-05-06T10:11:10,880 DEBUG    [lyrics.py:100] 	trackName: Parasite
2026-05-06T10:11:10,880 DEBUG    [lyrics.py:101] 	artistName: Nine Inch Nails & Boys Noize
2026-05-06T10:11:10,880 DEBUG    [lyrics.py:102] 	albumName: Nine Inch Noize
2026-05-06T10:11:10,880 DEBUG    [lyrics.py:103] 	duration: 270.0
2026-05-06T10:11:10,880 DEBUG    [lyrics.py:104] 	lyric_type exists: yes
2026-05-06T10:12:19,726 INFO     [lyrics.py:79] Lyrics selected
2026-05-06T10:12:20,475 DEBUG    [lyrics.py:80] [00:14.24] Parasite
[00:29.18] Parasite
[00:30.70] 
[01:00.05] Yes, I can feel you
[01:07.54] Yes, I believe
[01:15.04] Yes, you can have me
[01:22.68] Yes, I can breathe
[01:29.16] Parasite
[01:44.15] Parasite
[01:51.67] Parasite (parasite, parasite...)
[01:59.12] Parasite
[02:02.11] (Fuck yeah! Yeah! Nice!)
[02:05.51] (Fuck yeah! Yeah! Nice!)
[02:15.04] Yes, now I need you
[02:22.57] Yes, you are mine
[02:30.02] Yes, you have shown me
[02:37.62] Yes, we will be fine
[02:44.23] Parasite
[02:51.61] Parasite
[02:59.17] Parasite
[03:06.62] Parasite
[03:21.63] Parasite
[03:36.63] Parasite
[03:39.48] (Fuck yeah! Yeah! Nice!)
[03:44.55] (Fuck yeah! Yeah! Nice!)
[04:14.19] Parasite
[04:28.94] Parasite
[04:29.40] 
2026-05-06T10:12:32,230 INFO     [lyrics.py:194] Attaching  lyrics to file.
2026-05-06T10:13:11,810 INFO     [lyrics.py:64] Track: Nine Inch Nails & Boys Noize - Copy of A (Nine Inch Noize) (duration: 247.71158333333332)
2026-05-06T10:13:11,812 DEBUG    [connectionpool.py:1049] Starting new HTTPS connection (1): lrclib.net:443
2026-05-06T10:13:18,799 DEBUG    [connectionpool.py:544] https://lrclib.net:443 "GET /api/search?q=Copy+of+A+Nine+Inch+Nails+Nine+Inch+Noize HTTP/1.1" 200 None
2026-05-06T10:13:18,799 DEBUG    [lyrics.py:167] params: {'q': 'Copy of A Nine Inch Nails Nine Inch Noize'}
2026-05-06T10:13:18,799 DEBUG    [lyrics.py:168] Number of results: 5
2026-05-06T10:13:18,800 INFO     [lyrics.py:109] Number of results: 5
2026-05-06T10:13:26,913 DEBUG    [lyrics.py:99] 	id: 33256749
2026-05-06T10:13:26,914 DEBUG    [lyrics.py:100] 	trackName: Copy of a (Nine Inch Noize Version)
2026-05-06T10:13:26,914 DEBUG    [lyrics.py:101] 	artistName: Nine Inch Nails
2026-05-06T10:13:26,914 DEBUG    [lyrics.py:102] 	albumName: Nine Inch Noize
2026-05-06T10:13:26,914 DEBUG    [lyrics.py:103] 	duration: 248.0
2026-05-06T10:13:26,914 DEBUG    [lyrics.py:104] 	lyric_type exists: yes
2026-05-06T10:13:26,914 DEBUG    [lyrics.py:99] 	id: 32948913
2026-05-06T10:13:26,914 DEBUG    [lyrics.py:100] 	trackName: Copy of a
2026-05-06T10:13:26,914 DEBUG    [lyrics.py:101] 	artistName: Nine Inch Nails
2026-05-06T10:13:26,914 DEBUG    [lyrics.py:102] 	albumName: Nine Inch Noize
2026-05-06T10:13:26,914 DEBUG    [lyrics.py:103] 	duration: 247.0
2026-05-06T10:13:26,914 DEBUG    [lyrics.py:104] 	lyric_type exists: yes
2026-05-06T10:13:26,914 DEBUG    [lyrics.py:99] 	id: 32979812
2026-05-06T10:13:26,914 DEBUG    [lyrics.py:100] 	trackName: Copy of A
2026-05-06T10:13:26,914 DEBUG    [lyrics.py:101] 	artistName: Nine Inch Nails
2026-05-06T10:13:26,914 DEBUG    [lyrics.py:102] 	albumName: Nine Inch Noize
2026-05-06T10:13:26,914 DEBUG    [lyrics.py:103] 	duration: 248.0
2026-05-06T10:13:26,914 DEBUG    [lyrics.py:104] 	lyric_type exists: yes
2026-05-06T10:13:26,914 DEBUG    [lyrics.py:99] 	id: 33392132
2026-05-06T10:13:26,914 DEBUG    [lyrics.py:100] 	trackName: Copy of a (Nine Inch Noize Version)
2026-05-06T10:13:26,914 DEBUG    [lyrics.py:101] 	artistName: Nine Inch Nails
2026-05-06T10:13:26,914 DEBUG    [lyrics.py:102] 	albumName: Nine Inch Noize (Nine Inch Noize Version)
2026-05-06T10:13:26,914 DEBUG    [lyrics.py:103] 	duration: 248.0
2026-05-06T10:13:26,914 DEBUG    [lyrics.py:104] 	lyric_type exists: yes
2026-05-06T10:13:26,914 DEBUG    [lyrics.py:99] 	id: 33302870
2026-05-06T10:13:26,914 DEBUG    [lyrics.py:100] 	trackName: Copy of a (Nine Inch Noize Version)
2026-05-06T10:13:26,915 DEBUG    [lyrics.py:101] 	artistName: Nine Inch Nails, Boys Noize
2026-05-06T10:13:26,915 DEBUG    [lyrics.py:102] 	albumName: Nine Inch Noize (Nine Inch Noize Version)
2026-05-06T10:13:26,915 DEBUG    [lyrics.py:103] 	duration: 247.0
2026-05-06T10:13:26,915 DEBUG    [lyrics.py:104] 	lyric_type exists: yes
2026-05-06T10:13:30,959 INFO     [lyrics.py:85] No lyrics selected
2026-05-06T10:13:30,960 INFO     [lyrics.py:194] Attaching empty lyrics to file.
2026-05-06T10:13:30,962 INFO     [lyrics.py:64] Track: Nine Inch Nails & Boys Noize - Me, I’m Not (Nine Inch Noize) (duration: 262.14702083333333)
2026-05-06T10:13:30,965 DEBUG    [connectionpool.py:1049] Starting new HTTPS connection (1): lrclib.net:443
2026-05-06T10:13:36,910 DEBUG    [connectionpool.py:544] https://lrclib.net:443 "GET /api/search?q=Me%2C+I%E2%80%99m+Not+Nine+Inch+Nails+Nine+Inch+Noize HTTP/1.1" 200 None
2026-05-06T10:13:36,911 DEBUG    [lyrics.py:167] params: {'q': 'Me, I’m Not Nine Inch Nails Nine Inch Noize'}
2026-05-06T10:13:36,911 DEBUG    [lyrics.py:168] Number of results: 2
2026-05-06T10:13:36,911 INFO     [lyrics.py:109] Number of results: 2
2026-05-06T10:13:36,911 DEBUG    [lyrics.py:99] 	id: 32955494
2026-05-06T10:13:36,911 DEBUG    [lyrics.py:100] 	trackName: Me, I’m Not
2026-05-06T10:13:36,912 DEBUG    [lyrics.py:101] 	artistName: Nine Inch Nails
2026-05-06T10:13:36,912 DEBUG    [lyrics.py:102] 	albumName: Nine Inch Noize
2026-05-06T10:13:36,912 DEBUG    [lyrics.py:103] 	duration: 262.0
2026-05-06T10:13:36,912 DEBUG    [lyrics.py:104] 	lyric_type exists: yes
2026-05-06T10:13:36,912 DEBUG    [lyrics.py:99] 	id: 33405638
2026-05-06T10:13:36,912 DEBUG    [lyrics.py:100] 	trackName: Me, I’m Not (Nine Inch Noize Version)
2026-05-06T10:13:36,912 DEBUG    [lyrics.py:101] 	artistName: Nine Inch Nails
2026-05-06T10:13:36,912 DEBUG    [lyrics.py:102] 	albumName: Nine Inch Noize (Nine Inch Noize Version)
2026-05-06T10:13:36,912 DEBUG    [lyrics.py:103] 	duration: 262.0
2026-05-06T10:13:36,912 DEBUG    [lyrics.py:104] 	lyric_type exists: yes
2026-05-06T10:13:36,913 INFO     [lyrics.py:85] No lyrics selected
2026-05-06T10:13:36,913 INFO     [lyrics.py:194] Attaching empty lyrics to file.
2026-05-06T10:13:36,913 INFO     [lyrics.py:64] Track: Nine Inch Nails & Boys Noize - Closer (Nine Inch Noize) (duration: 344.37758333333335)
2026-05-06T10:13:36,914 INFO     [lyrics.py:66] Lyrics already attached (overwrite: False)
2026-05-06T10:13:36,914 INFO     [lyrics.py:64] Track: Nine Inch Nails & Boys Noize - The Warning (Nine Inch Noize) (duration: 218.64647916666667)
2026-05-06T10:13:36,915 DEBUG    [connectionpool.py:1049] Starting new HTTPS connection (1): lrclib.net:443
2026-05-06T10:13:45,219 DEBUG    [connectionpool.py:544] https://lrclib.net:443 "GET /api/search?q=The+Warning+Nine+Inch+Nails+Nine+Inch+Noize HTTP/1.1" 200 None
2026-05-06T10:13:45,219 DEBUG    [lyrics.py:167] params: {'q': 'The Warning Nine Inch Nails Nine Inch Noize'}
2026-05-06T10:13:45,219 DEBUG    [lyrics.py:168] Number of results: 5
2026-05-06T10:13:45,219 INFO     [lyrics.py:109] Number of results: 5
2026-05-06T10:13:45,219 DEBUG    [lyrics.py:99] 	id: 33118693
2026-05-06T10:13:45,219 DEBUG    [lyrics.py:100] 	trackName: The Warning (Nine Inch Noize Version)
2026-05-06T10:13:45,219 DEBUG    [lyrics.py:101] 	artistName: Nine Inch Nails
2026-05-06T10:13:45,219 DEBUG    [lyrics.py:102] 	albumName: Nine Inch Noize
2026-05-06T10:13:45,219 DEBUG    [lyrics.py:103] 	duration: 218.0
2026-05-06T10:13:45,219 DEBUG    [lyrics.py:104] 	lyric_type exists: yes
2026-05-06T10:13:45,219 DEBUG    [lyrics.py:99] 	id: 32971227
2026-05-06T10:13:45,219 DEBUG    [lyrics.py:100] 	trackName: The Warning
2026-05-06T10:13:45,219 DEBUG    [lyrics.py:101] 	artistName: Nine Inch Nails
2026-05-06T10:13:45,219 DEBUG    [lyrics.py:102] 	albumName: Nine Inch Noize
2026-05-06T10:13:45,219 DEBUG    [lyrics.py:103] 	duration: 219.0
2026-05-06T10:13:45,219 DEBUG    [lyrics.py:104] 	lyric_type exists: yes
2026-05-06T10:13:45,219 DEBUG    [lyrics.py:99] 	id: 33284751
2026-05-06T10:13:45,219 DEBUG    [lyrics.py:100] 	trackName: The Warning (Nine Inch Noize Version)
2026-05-06T10:13:45,219 DEBUG    [lyrics.py:101] 	artistName: Nine Inch Nails, Boys Noize
2026-05-06T10:13:45,219 DEBUG    [lyrics.py:102] 	albumName: Nine Inch Noize
2026-05-06T10:13:45,219 DEBUG    [lyrics.py:103] 	duration: 219.0
2026-05-06T10:13:45,219 DEBUG    [lyrics.py:104] 	lyric_type exists: yes
2026-05-06T10:13:45,219 DEBUG    [lyrics.py:99] 	id: 33391087
2026-05-06T10:13:45,219 DEBUG    [lyrics.py:100] 	trackName: The Warning
2026-05-06T10:13:45,219 DEBUG    [lyrics.py:101] 	artistName: Nine Inch Nails / Boys Noize
2026-05-06T10:13:45,219 DEBUG    [lyrics.py:102] 	albumName: Nine Inch Noize (Nine Inch Noize Version)
2026-05-06T10:13:45,219 DEBUG    [lyrics.py:103] 	duration: 218.0
2026-05-06T10:13:45,219 DEBUG    [lyrics.py:104] 	lyric_type exists: yes
2026-05-06T10:13:45,219 DEBUG    [lyrics.py:99] 	id: 33252805
2026-05-06T10:13:45,222 DEBUG    [lyrics.py:100] 	trackName: The Warning
2026-05-06T10:13:45,222 DEBUG    [lyrics.py:101] 	artistName: Nine Inch Nails, Boys Noize
2026-05-06T10:13:45,222 DEBUG    [lyrics.py:102] 	albumName: Nine Inch Noize
2026-05-06T10:13:45,222 DEBUG    [lyrics.py:103] 	duration: 219.0
2026-05-06T10:13:45,222 DEBUG    [lyrics.py:104] 	lyric_type exists: yes
2026-05-06T10:13:45,222 INFO     [lyrics.py:85] No lyrics selected
2026-05-06T10:13:45,222 INFO     [lyrics.py:194] Attaching empty lyrics to file.
2026-05-06T10:13:45,222 INFO     [lyrics.py:64] Track: Nine Inch Nails & Boys Noize - Memorabilia (Nine Inch Noize) (duration: 205.7315625)
2026-05-06T10:13:45,222 DEBUG    [connectionpool.py:1049] Starting new HTTPS connection (1): lrclib.net:443
2026-05-06T10:13:52,246 DEBUG    [connectionpool.py:544] https://lrclib.net:443 "GET /api/search?q=Memorabilia+Nine+Inch+Nails+Nine+Inch+Noize HTTP/1.1" 200 None
2026-05-06T10:13:52,247 DEBUG    [lyrics.py:167] params: {'q': 'Memorabilia Nine Inch Nails Nine Inch Noize'}
2026-05-06T10:13:52,247 DEBUG    [lyrics.py:168] Number of results: 2
2026-05-06T10:13:52,247 INFO     [lyrics.py:109] Number of results: 2
2026-05-06T10:13:52,247 DEBUG    [lyrics.py:99] 	id: 32975341
2026-05-06T10:13:52,247 DEBUG    [lyrics.py:100] 	trackName: Memorabilia
2026-05-06T10:13:52,247 DEBUG    [lyrics.py:101] 	artistName: Nine Inch Nails
2026-05-06T10:13:52,247 DEBUG    [lyrics.py:102] 	albumName: Nine Inch Noize
2026-05-06T10:13:52,247 DEBUG    [lyrics.py:103] 	duration: 206.0
2026-05-06T10:13:52,247 DEBUG    [lyrics.py:104] 	lyric_type exists: yes
2026-05-06T10:13:52,247 DEBUG    [lyrics.py:99] 	id: 33260498
2026-05-06T10:13:52,247 DEBUG    [lyrics.py:100] 	trackName: Memorabilia (Nine Inch Noize Version)
2026-05-06T10:13:52,247 DEBUG    [lyrics.py:101] 	artistName: Nine Inch Nails
2026-05-06T10:13:52,247 DEBUG    [lyrics.py:102] 	albumName: Nine Inch Noize
2026-05-06T10:13:52,247 DEBUG    [lyrics.py:103] 	duration: 206.0
2026-05-06T10:13:52,247 DEBUG    [lyrics.py:104] 	lyric_type exists: yes
2026-05-06T10:13:52,247 INFO     [lyrics.py:85] No lyrics selected
2026-05-06T10:13:52,249 INFO     [lyrics.py:194] Attaching empty lyrics to file.
2026-05-06T10:13:52,249 INFO     [lyrics.py:64] Track: Nine Inch Nails & Boys Noize - Came Back Haunted (Nine Inch Noize) (duration: 219.21795833333334)
2026-05-06T10:13:52,249 DEBUG    [connectionpool.py:1049] Starting new HTTPS connection (1): lrclib.net:443
2026-05-06T10:13:59,048 DEBUG    [connectionpool.py:544] https://lrclib.net:443 "GET /api/search?q=Came+Back+Haunted+Nine+Inch+Nails+Nine+Inch+Noize HTTP/1.1" 200 None
2026-05-06T10:13:59,049 DEBUG    [lyrics.py:167] params: {'q': 'Came Back Haunted Nine Inch Nails Nine Inch Noize'}
2026-05-06T10:13:59,049 DEBUG    [lyrics.py:168] Number of results: 3
2026-05-06T10:13:59,049 INFO     [lyrics.py:109] Number of results: 3
2026-05-06T10:13:59,049 DEBUG    [lyrics.py:99] 	id: 33315702
2026-05-06T10:13:59,049 DEBUG    [lyrics.py:100] 	trackName: Came Back Haunted
2026-05-06T10:13:59,049 DEBUG    [lyrics.py:101] 	artistName: Nine Inch Nails
2026-05-06T10:13:59,049 DEBUG    [lyrics.py:102] 	albumName: Nine Inch Noize
2026-05-06T10:13:59,049 DEBUG    [lyrics.py:103] 	duration: 219.0
2026-05-06T10:13:59,049 DEBUG    [lyrics.py:104] 	lyric_type exists: yes
2026-05-06T10:13:59,049 DEBUG    [lyrics.py:99] 	id: 33377382
2026-05-06T10:13:59,049 DEBUG    [lyrics.py:100] 	trackName: Came Back Haunted (Nine Inch Noize Version)
2026-05-06T10:13:59,049 DEBUG    [lyrics.py:101] 	artistName: Nine Inch Nails
2026-05-06T10:13:59,049 DEBUG    [lyrics.py:102] 	albumName: Nine Inch Noize
2026-05-06T10:13:59,049 DEBUG    [lyrics.py:103] 	duration: 219.0
2026-05-06T10:13:59,049 DEBUG    [lyrics.py:104] 	lyric_type exists: yes
2026-05-06T10:13:59,049 DEBUG    [lyrics.py:99] 	id: 33433044
2026-05-06T10:13:59,049 DEBUG    [lyrics.py:100] 	trackName: Came Back Haunted (Nine Inch Noize Version)
2026-05-06T10:13:59,049 DEBUG    [lyrics.py:101] 	artistName: Nine Inch Nails
2026-05-06T10:13:59,049 DEBUG    [lyrics.py:102] 	albumName: Nine Inch Noize (Nine Inch Noize Version)
2026-05-06T10:13:59,049 DEBUG    [lyrics.py:103] 	duration: 219.0
2026-05-06T10:13:59,049 DEBUG    [lyrics.py:104] 	lyric_type exists: yes
2026-05-06T10:13:59,049 INFO     [lyrics.py:85] No lyrics selected
2026-05-06T10:13:59,049 INFO     [lyrics.py:194] Attaching empty lyrics to file.
2026-05-06T10:13:59,050 INFO     [lyrics.py:64] Track: Nine Inch Nails & Boys Noize - As Alive as You Need Me to Be (Nine Inch Noize) (duration: 254.46508333333333)
2026-05-06T10:13:59,051 DEBUG    [connectionpool.py:1049] Starting new HTTPS connection (1): lrclib.net:443
2026-05-06T10:14:12,117 DEBUG    [connectionpool.py:544] https://lrclib.net:443 "GET /api/search?q=As+Alive+as+You+Need+Me+to+Be+Nine+Inch+Nails+Nine+Inch+Noize HTTP/1.1" 200 None
2026-05-06T10:14:12,117 DEBUG    [lyrics.py:167] params: {'q': 'As Alive as You Need Me to Be Nine Inch Nails Nine Inch Noize'}
2026-05-06T10:14:12,117 DEBUG    [lyrics.py:168] Number of results: 3
2026-05-06T10:14:12,117 INFO     [lyrics.py:109] Number of results: 3
2026-05-06T10:14:12,117 DEBUG    [lyrics.py:99] 	id: 33261642
2026-05-06T10:14:12,117 DEBUG    [lyrics.py:100] 	trackName: As Alive As You Need Me To Be (Nine Inch Noize Version)
2026-05-06T10:14:12,117 DEBUG    [lyrics.py:101] 	artistName: Nine Inch Nails
2026-05-06T10:14:12,117 DEBUG    [lyrics.py:102] 	albumName: Nine Inch Noize
2026-05-06T10:14:12,117 DEBUG    [lyrics.py:103] 	duration: 254.0
2026-05-06T10:14:12,117 DEBUG    [lyrics.py:104] 	lyric_type exists: yes
2026-05-06T10:14:12,117 DEBUG    [lyrics.py:99] 	id: 33144308
2026-05-06T10:14:12,117 DEBUG    [lyrics.py:100] 	trackName: As Alive as You Need Me to Be
2026-05-06T10:14:12,117 DEBUG    [lyrics.py:101] 	artistName: Nine Inch Nails
2026-05-06T10:14:12,117 DEBUG    [lyrics.py:102] 	albumName: Nine Inch Noize
2026-05-06T10:14:12,117 DEBUG    [lyrics.py:103] 	duration: 254.0
2026-05-06T10:14:12,118 DEBUG    [lyrics.py:104] 	lyric_type exists: yes
2026-05-06T10:14:12,118 DEBUG    [lyrics.py:99] 	id: 33339467
2026-05-06T10:14:12,118 DEBUG    [lyrics.py:100] 	trackName: As Alive As You Need Me To Be (Nine Inch Noize Version)
2026-05-06T10:14:12,118 DEBUG    [lyrics.py:101] 	artistName: Nine Inch Nails
2026-05-06T10:14:12,118 DEBUG    [lyrics.py:102] 	albumName: Nine Inch Noize (Nine Inch Noize Version)
2026-05-06T10:14:12,118 DEBUG    [lyrics.py:103] 	duration: 254.0
2026-05-06T10:14:12,118 DEBUG    [lyrics.py:104] 	lyric_type exists: yes
2026-05-06T10:14:12,119 INFO     [lyrics.py:85] No lyrics selected
2026-05-06T10:14:12,119 INFO     [lyrics.py:194] Attaching empty lyrics to file.
2026-05-06T10:14:12,119 INFO     [lyrics.py:94] Lyrics found for 1 of 12 tracks.
2026-05-06T10:17:53,955 INFO     [utils.py:127] Begin logging.
2026-05-06T10:17:53,972 INFO     [lyrics.py:64] Track: Nine Inch Nails & Boys Noize - Intro (Nine Inch Noize) (duration: 77.65191666666666)
2026-05-06T10:19:23,322 INFO     [lyrics.py:85] No lyrics selected
2026-05-06T10:19:23,322 INFO     [lyrics.py:194] Attaching empty lyrics to file.
2026-05-06T10:19:23,322 INFO     [lyrics.py:64] Track: Nine Inch Nails & Boys Noize - Vessel (Nine Inch Noize) (duration: 256.9296875)
2026-05-06T10:25:53,259 INFO     [lyrics.py:79] Lyrics selected
2026-05-06T10:25:53,259 INFO     [lyrics.py:194] Attaching  lyrics to file.
2026-05-06T10:25:53,259 ERROR    [lyrics.py:92] Invalid StringSpec[3] data: 'NONE'
2026-05-06T10:28:37,913 INFO     [utils.py:127] Begin logging.
2026-05-06T10:28:38,016 INFO     [lyrics.py:64] Track: Nine Inch Nails & Boys Noize - Intro (Nine Inch Noize) (duration: 77.65191666666666)
2026-05-06T10:28:38,016 INFO     [lyrics.py:66] Lyrics already attached (overwrite: False)
2026-05-06T10:28:38,016 INFO     [lyrics.py:64] Track: Nine Inch Nails & Boys Noize - Vessel (Nine Inch Noize) (duration: 256.9296875)
2026-05-06T10:28:46,930 INFO     [lyrics.py:79] Lyrics selected
2026-05-06T10:28:46,930 INFO     [lyrics.py:194] Attaching  lyrics to file.
2026-05-06T10:28:46,930 ERROR    [lyrics.py:92] Invalid StringSpec[3] data: 'NONE'
2026-05-06T10:30:35,720 INFO     [utils.py:127] Begin logging.
2026-05-06T10:30:35,747 INFO     [lyrics.py:64] Track: Nine Inch Nails & Boys Noize - Intro (Nine Inch Noize) (duration: 77.65191666666666)
2026-05-06T10:30:35,747 INFO     [lyrics.py:66] Lyrics already attached (overwrite: False)
2026-05-06T10:30:35,747 INFO     [lyrics.py:64] Track: Nine Inch Nails & Boys Noize - Vessel (Nine Inch Noize) (duration: 256.9296875)
2026-05-06T10:30:47,128 INFO     [lyrics.py:79] Lyrics selected
2026-05-06T10:30:47,128 INFO     [lyrics.py:194] Attaching  lyrics to file.
2026-05-06T10:30:47,130 INFO     [lyrics.py:64] Track: Nine Inch Nails & Boys Noize - She’s Gone Away (Nine Inch Noize) (duration: 212.854875)
2026-05-06T10:32:26,682 INFO     [lyrics.py:79] Lyrics selected
2026-05-06T10:32:26,682 INFO     [lyrics.py:194] Attaching  lyrics to file.
2026-05-06T10:32:26,682 INFO     [lyrics.py:64] Track: Nine Inch Nails & Boys Noize - Heresy (Nine Inch Noize) (duration: 237.96329166666666)
2026-05-06T10:33:08,346 INFO     [lyrics.py:79] Lyrics selected
2026-05-06T10:33:08,346 INFO     [lyrics.py:194] Attaching  lyrics to file.
2026-05-06T10:33:08,346 INFO     [lyrics.py:64] Track: Nine Inch Nails & Boys Noize - Parasite (Nine Inch Noize) (duration: 270.2337708333333)
2026-05-06T10:33:08,346 INFO     [lyrics.py:66] Lyrics already attached (overwrite: False)
2026-05-06T10:33:08,346 INFO     [lyrics.py:64] Track: Nine Inch Nails & Boys Noize - Copy of A (Nine Inch Noize) (duration: 247.71158333333332)
2026-05-06T10:34:14,769 INFO     [lyrics.py:79] Lyrics selected
2026-05-06T10:34:14,769 INFO     [lyrics.py:194] Attaching  lyrics to file.
2026-05-06T10:34:14,897 INFO     [lyrics.py:64] Track: Nine Inch Nails & Boys Noize - Me, I’m Not (Nine Inch Noize) (duration: 262.14702083333333)
2026-05-06T10:35:05,179 INFO     [lyrics.py:79] Lyrics selected
2026-05-06T10:35:05,179 INFO     [lyrics.py:194] Attaching  lyrics to file.
2026-05-06T10:35:05,179 INFO     [lyrics.py:64] Track: Nine Inch Nails & Boys Noize - Closer (Nine Inch Noize) (duration: 344.37758333333335)
2026-05-06T10:35:05,179 INFO     [lyrics.py:66] Lyrics already attached (overwrite: False)
2026-05-06T10:35:05,179 INFO     [lyrics.py:64] Track: Nine Inch Nails & Boys Noize - The Warning (Nine Inch Noize) (duration: 218.64647916666667)
2026-05-06T10:36:11,380 INFO     [lyrics.py:79] Lyrics selected
2026-05-06T10:36:11,380 INFO     [lyrics.py:194] Attaching  lyrics to file.
2026-05-06T10:36:11,380 INFO     [lyrics.py:64] Track: Nine Inch Nails & Boys Noize - Memorabilia (Nine Inch Noize) (duration: 205.7315625)
2026-05-06T10:37:01,662 INFO     [lyrics.py:79] Lyrics selected
2026-05-06T10:37:01,662 INFO     [lyrics.py:194] Attaching  lyrics to file.
2026-05-06T10:37:01,662 INFO     [lyrics.py:64] Track: Nine Inch Nails & Boys Noize - Came Back Haunted (Nine Inch Noize) (duration: 219.21795833333334)
2026-05-06T10:38:02,117 INFO     [lyrics.py:79] Lyrics selected
2026-05-06T10:38:02,117 INFO     [lyrics.py:194] Attaching  lyrics to file.
2026-05-06T10:38:02,117 INFO     [lyrics.py:64] Track: Nine Inch Nails & Boys Noize - As Alive as You Need Me to Be (Nine Inch Noize) (duration: 254.46508333333333)
2026-05-06T10:38:56,713 INFO     [lyrics.py:79] Lyrics selected
2026-05-06T10:38:56,713 INFO     [lyrics.py:194] Attaching  lyrics to file.
2026-05-06T10:38:56,713 INFO     [lyrics.py:94] Lyrics found for 9 of 12 tracks.
2026-05-06T10:39:21,356 INFO     [utils.py:127] Begin logging.
2026-05-06T10:39:21,373 INFO     [lyrics.py:64] Track: Nine Inch Nails & Boys Noize - Intro (Nine Inch Noize) (duration: 77.65191666666666)
2026-05-06T10:39:21,373 INFO     [lyrics.py:66] Lyrics already attached (overwrite: False)
2026-05-06T10:39:21,373 INFO     [lyrics.py:64] Track: Nine Inch Nails & Boys Noize - Vessel (Nine Inch Noize) (duration: 256.9296875)
2026-05-06T10:39:21,373 INFO     [lyrics.py:66] Lyrics already attached (overwrite: False)
2026-05-06T10:39:21,373 INFO     [lyrics.py:64] Track: Nine Inch Nails & Boys Noize - She’s Gone Away (Nine Inch Noize) (duration: 212.854875)
2026-05-06T10:39:21,373 INFO     [lyrics.py:66] Lyrics already attached (overwrite: False)
2026-05-06T10:39:21,373 INFO     [lyrics.py:64] Track: Nine Inch Nails & Boys Noize - Heresy (Nine Inch Noize) (duration: 237.96329166666666)
2026-05-06T10:39:21,373 INFO     [lyrics.py:66] Lyrics already attached (overwrite: False)
2026-05-06T10:39:21,373 INFO     [lyrics.py:64] Track: Nine Inch Nails & Boys Noize - Parasite (Nine Inch Noize) (duration: 270.2337708333333)
2026-05-06T10:39:21,373 INFO     [lyrics.py:66] Lyrics already attached (overwrite: False)
2026-05-06T10:39:21,373 INFO     [lyrics.py:64] Track: Nine Inch Nails & Boys Noize - Copy of A (Nine Inch Noize) (duration: 247.71158333333332)
2026-05-06T10:39:21,373 INFO     [lyrics.py:66] Lyrics already attached (overwrite: False)
2026-05-06T10:39:21,373 INFO     [lyrics.py:64] Track: Nine Inch Nails & Boys Noize - Me, I’m Not (Nine Inch Noize) (duration: 262.14702083333333)
2026-05-06T10:39:21,373 INFO     [lyrics.py:66] Lyrics already attached (overwrite: False)
2026-05-06T10:39:21,373 INFO     [lyrics.py:64] Track: Nine Inch Nails & Boys Noize - Closer (Nine Inch Noize) (duration: 344.37758333333335)
2026-05-06T10:39:21,373 INFO     [lyrics.py:66] Lyrics already attached (overwrite: False)
2026-05-06T10:39:21,373 INFO     [lyrics.py:64] Track: Nine Inch Nails & Boys Noize - The Warning (Nine Inch Noize) (duration: 218.64647916666667)
2026-05-06T10:39:21,373 INFO     [lyrics.py:66] Lyrics already attached (overwrite: False)
2026-05-06T10:39:21,373 INFO     [lyrics.py:64] Track: Nine Inch Nails & Boys Noize - Memorabilia (Nine Inch Noize) (duration: 205.7315625)
2026-05-06T10:39:21,373 INFO     [lyrics.py:66] Lyrics already attached (overwrite: False)
2026-05-06T10:39:21,373 INFO     [lyrics.py:64] Track: Nine Inch Nails & Boys Noize - Came Back Haunted (Nine Inch Noize) (duration: 219.21795833333334)
2026-05-06T10:39:21,373 INFO     [lyrics.py:66] Lyrics already attached (overwrite: False)
2026-05-06T10:39:21,373 INFO     [lyrics.py:64] Track: Nine Inch Nails & Boys Noize - As Alive as You Need Me to Be (Nine Inch Noize) (duration: 254.46508333333333)
2026-05-06T10:39:30,288 INFO     [lyrics.py:79] Lyrics selected
2026-05-06T10:39:30,288 INFO     [lyrics.py:194] Attaching  lyrics to file.
2026-05-06T10:39:30,288 INFO     [lyrics.py:94] Lyrics found for 1 of 12 tracks.
2026-05-06T10:43:31,355 INFO     [utils.py:127] Begin logging.
2026-05-06T10:43:31,421 INFO     [lyrics.py:64] Track: Cally & Steve Hill feat MKN - Music Is The Answer (Steve Hill & Co Super Deluxe USB - RVRS Bass) (duration: 261.6)
2026-05-06T10:43:38,520 INFO     [lyrics.py:85] No lyrics selected
2026-05-06T10:43:38,526 INFO     [lyrics.py:194] Attaching empty lyrics to file.
2026-05-06T10:43:38,526 INFO     [lyrics.py:64] Track: D'ort - The Artisan (An Artisan's Exhibition [Explicit]) (duration: 246.23)
2026-05-06T10:43:38,526 INFO     [lyrics.py:66] Lyrics already attached (overwrite: False)
2026-05-06T10:43:38,526 INFO     [lyrics.py:64] Track: D'ort - Locked Away (An Artisan's Exhibition [Explicit]) (duration: 189.05)
2026-05-06T10:43:38,526 INFO     [lyrics.py:66] Lyrics already attached (overwrite: False)
2026-05-06T10:43:38,526 INFO     [lyrics.py:64] Track: D'ort - Broken (An Artisan's Exhibition [Explicit]) (duration: 208.17)
2026-05-06T10:43:38,526 INFO     [lyrics.py:66] Lyrics already attached (overwrite: False)
2026-05-06T10:43:38,528 INFO     [lyrics.py:64] Track: D'ort - Hopeless (An Artisan's Exhibition [Explicit]) (duration: 242.6)
2026-05-06T10:43:38,528 INFO     [lyrics.py:66] Lyrics already attached (overwrite: False)
2026-05-06T10:43:38,528 INFO     [lyrics.py:64] Track: D'ort - Belial's Call [Explicit] (An Artisan's Exhibition [Explicit]) (duration: 189.52)
2026-05-06T10:43:38,528 INFO     [lyrics.py:66] Lyrics already attached (overwrite: False)
2026-05-06T10:43:38,528 INFO     [lyrics.py:64] Track: D'ort - JKM (An Artisan's Exhibition [Explicit]) (duration: 163.55)
2026-05-06T10:43:38,528 INFO     [lyrics.py:66] Lyrics already attached (overwrite: False)
2026-05-06T10:43:38,528 INFO     [lyrics.py:64] Track: D'ort - Silent Tears (An Artisan's Exhibition [Explicit]) (duration: 209.79)
2026-05-06T10:43:38,528 INFO     [lyrics.py:66] Lyrics already attached (overwrite: False)
2026-05-06T10:43:38,528 INFO     [lyrics.py:64] Track: D'ort - The Escape (An Artisan's Exhibition [Explicit]) (duration: 216.37)
2026-05-06T10:43:38,528 INFO     [lyrics.py:66] Lyrics already attached (overwrite: False)
2026-05-06T10:43:38,528 INFO     [lyrics.py:64] Track: D'ort - A Final Wish (An Artisan's Exhibition [Explicit]) (duration: 216.97)
2026-05-06T10:43:38,528 INFO     [lyrics.py:66] Lyrics already attached (overwrite: False)
2026-05-06T10:43:38,528 INFO     [lyrics.py:64] Track: D'ort - Cerridwen's Song (An Artisan's Exhibition [Explicit]) (duration: 235.68)
2026-05-06T10:43:38,528 INFO     [lyrics.py:66] Lyrics already attached (overwrite: False)
2026-05-06T10:43:38,528 INFO     [lyrics.py:64] Track: Dj Mad Dog & OMAKS - Fire Bomb (Fire Bomb) (duration: 192.03)
2026-05-06T10:43:44,750 INFO     [lyrics.py:85] No lyrics selected
2026-05-06T10:43:44,750 INFO     [lyrics.py:194] Attaching empty lyrics to file.
2026-05-06T10:43:44,750 INFO     [lyrics.py:64] Track: t+pazolite & Chroma - paint your own universe (paint your own universe) (duration: 232.57)
2026-05-06T10:43:51,100 INFO     [lyrics.py:85] No lyrics selected
2026-05-06T10:43:51,100 INFO     [lyrics.py:194] Attaching empty lyrics to file.
2026-05-06T10:43:51,100 INFO     [lyrics.py:64] Track: T78 & Mattia Trani - The Call (The Call Ep) (duration: 249.66)
2026-05-06T10:43:57,611 INFO     [lyrics.py:85] No lyrics selected
2026-05-06T10:43:57,611 INFO     [lyrics.py:194] Attaching empty lyrics to file.
2026-05-06T10:43:57,611 INFO     [lyrics.py:64] Track: T78 & Mattia Trani - Piramide (The Call Ep) (duration: 195.1)
2026-05-06T10:44:04,800 INFO     [lyrics.py:85] No lyrics selected
2026-05-06T10:44:04,800 INFO     [lyrics.py:194] Attaching empty lyrics to file.
2026-05-06T10:44:04,800 INFO     [lyrics.py:64] Track: Thomas Knight - This Time (This Time) (duration: 188.34)
2026-05-06T10:44:11,941 INFO     [lyrics.py:85] No lyrics selected
2026-05-06T10:44:11,941 INFO     [lyrics.py:194] Attaching empty lyrics to file.
2026-05-06T10:44:11,941 INFO     [lyrics.py:64] Track: Dorian Electra - Mr. Tambourine Man (Dorian Electra) (duration: 195.89)
2026-05-06T10:44:11,941 INFO     [lyrics.py:66] Lyrics already attached (overwrite: False)
2026-05-06T10:44:11,941 INFO     [lyrics.py:64] Track: Dorian Electra - Hips Don’t Lie (Dorian Electra) (duration: 152.21)
2026-05-06T10:44:11,941 INFO     [lyrics.py:66] Lyrics already attached (overwrite: False)
2026-05-06T10:44:11,941 INFO     [lyrics.py:64] Track: Dorian Electra - Hella Good (Dorian Electra) (duration: 221.54)
2026-05-06T10:44:11,941 INFO     [lyrics.py:66] Lyrics already attached (overwrite: False)
2026-05-06T10:44:11,941 INFO     [lyrics.py:64] Track: Dorian Electra - Feel Good Inc. (Dorian Electra) (duration: 190.92)
2026-05-06T10:44:11,941 INFO     [lyrics.py:66] Lyrics already attached (overwrite: False)
2026-05-06T10:44:11,941 INFO     [lyrics.py:64] Track: Dorian Electra - Scarborough Fair (Dorian Electra) (duration: 133.2)
2026-05-06T10:44:11,941 INFO     [lyrics.py:66] Lyrics already attached (overwrite: False)
2026-05-06T10:44:11,941 INFO     [lyrics.py:64] Track: Dorian Electra - Caribbean Blue (Dorian Electra) (duration: 165.31)
2026-05-06T10:44:11,941 INFO     [lyrics.py:66] Lyrics already attached (overwrite: False)
2026-05-06T10:44:11,941 INFO     [lyrics.py:64] Track: Dorian Electra - Without Me (Dorian Electra) (duration: 122.11)
2026-05-06T10:44:11,941 INFO     [lyrics.py:66] Lyrics already attached (overwrite: False)
2026-05-06T10:44:11,941 INFO     [lyrics.py:64] Track: Dorian Electra - The Model (Dorian Electra) (duration: 176.33)
2026-05-06T10:44:11,941 INFO     [lyrics.py:66] Lyrics already attached (overwrite: False)
2026-05-06T10:44:11,941 INFO     [lyrics.py:64] Track: Dorian Electra - Young Folks (Dorian Electra) (duration: 167.04)
2026-05-06T10:44:11,941 INFO     [lyrics.py:66] Lyrics already attached (overwrite: False)
2026-05-06T10:44:11,941 INFO     [lyrics.py:64] Track: Dorian Electra - Bizarre Love Triangle (Dorian Electra) (duration: 191.57)
2026-05-06T10:44:11,941 INFO     [lyrics.py:66] Lyrics already attached (overwrite: False)
2026-05-06T10:44:11,941 INFO     [lyrics.py:64] Track: Joey Valence & Brae - friends (HYPERYOUTH (afterparty)) (duration: 166.4)
2026-05-06T10:44:11,941 INFO     [lyrics.py:66] Lyrics already attached (overwrite: False)
2026-05-06T10:44:11,950 INFO     [lyrics.py:64] Track: Joey Valence & Brae - push the pipe (HYPERYOUTH (afterparty)) (duration: 188.84)
2026-05-06T10:44:11,950 INFO     [lyrics.py:66] Lyrics already attached (overwrite: False)
2026-05-06T10:44:11,950 INFO     [lyrics.py:64] Track: Joey Valence & Brae - how does it feel to be young (HYPERYOUTH (afterparty)) (duration: 96.51)
2026-05-06T10:44:11,950 INFO     [lyrics.py:66] Lyrics already attached (overwrite: False)
2026-05-06T10:44:11,950 INFO     [lyrics.py:64] Track: Joey Valence & Brae - bustamove (HYPERYOUTH (afterparty)) (duration: 138.24)
2026-05-06T10:44:11,950 INFO     [lyrics.py:66] Lyrics already attached (overwrite: False)
2026-05-06T10:44:11,950 INFO     [lyrics.py:64] Track: Joey Valence & Brae - i like this (HYPERYOUTH (afterparty)) (duration: 191.09)
2026-05-06T10:44:11,950 INFO     [lyrics.py:66] Lyrics already attached (overwrite: False)
2026-05-06T10:44:11,950 INFO     [lyrics.py:64] Track: Joey Valence & Brae - changes (HYPERYOUTH (afterparty)) (duration: 210.67)
2026-05-06T10:44:11,950 INFO     [lyrics.py:66] Lyrics already attached (overwrite: False)
2026-05-06T10:44:11,950 INFO     [lyrics.py:64] Track: KELTEK & Davino - Mind Games (extended mix) (Mind Games) (duration: 236.9)
2026-05-06T10:44:21,560 INFO     [lyrics.py:85] No lyrics selected
2026-05-06T10:44:21,560 INFO     [lyrics.py:194] Attaching empty lyrics to file.
2026-05-06T10:44:21,560 INFO     [lyrics.py:64] Track: Nine Inch Nails & Boys Noize - Intro (Nine Inch Noize) (duration: 77.65)
2026-05-06T10:44:21,560 INFO     [lyrics.py:66] Lyrics already attached (overwrite: False)
2026-05-06T10:44:21,560 INFO     [lyrics.py:64] Track: Nine Inch Nails & Boys Noize - Vessel (Nine Inch Noize) (duration: 256.93)
2026-05-06T10:44:21,560 INFO     [lyrics.py:66] Lyrics already attached (overwrite: False)
2026-05-06T10:44:21,560 INFO     [lyrics.py:64] Track: Nine Inch Nails & Boys Noize - She’s Gone Away (Nine Inch Noize) (duration: 212.85)
2026-05-06T10:44:21,560 INFO     [lyrics.py:66] Lyrics already attached (overwrite: False)
2026-05-06T10:44:21,560 INFO     [lyrics.py:64] Track: Nine Inch Nails & Boys Noize - Heresy (Nine Inch Noize) (duration: 237.96)
2026-05-06T10:44:21,560 INFO     [lyrics.py:66] Lyrics already attached (overwrite: False)
2026-05-06T10:44:21,560 INFO     [lyrics.py:64] Track: Nine Inch Nails & Boys Noize - Parasite (Nine Inch Noize) (duration: 270.23)
2026-05-06T10:44:21,560 INFO     [lyrics.py:66] Lyrics already attached (overwrite: False)
2026-05-06T10:44:21,560 INFO     [lyrics.py:64] Track: Nine Inch Nails & Boys Noize - Copy of A (Nine Inch Noize) (duration: 247.71)
2026-05-06T10:44:21,560 INFO     [lyrics.py:66] Lyrics already attached (overwrite: False)
2026-05-06T10:44:21,560 INFO     [lyrics.py:64] Track: Nine Inch Nails & Boys Noize - Me, I’m Not (Nine Inch Noize) (duration: 262.15)
2026-05-06T10:44:21,560 INFO     [lyrics.py:66] Lyrics already attached (overwrite: False)
2026-05-06T10:44:21,560 INFO     [lyrics.py:64] Track: Nine Inch Nails & Boys Noize - Closer (Nine Inch Noize) (duration: 344.38)
2026-05-06T10:44:21,560 INFO     [lyrics.py:66] Lyrics already attached (overwrite: False)
2026-05-06T10:44:21,560 INFO     [lyrics.py:64] Track: Nine Inch Nails & Boys Noize - The Warning (Nine Inch Noize) (duration: 218.65)
2026-05-06T10:44:21,560 INFO     [lyrics.py:66] Lyrics already attached (overwrite: False)
2026-05-06T10:44:21,560 INFO     [lyrics.py:64] Track: Nine Inch Nails & Boys Noize - Memorabilia (Nine Inch Noize) (duration: 205.73)
2026-05-06T10:44:21,560 INFO     [lyrics.py:66] Lyrics already attached (overwrite: False)
2026-05-06T10:44:21,560 INFO     [lyrics.py:64] Track: Nine Inch Nails & Boys Noize - Came Back Haunted (Nine Inch Noize) (duration: 219.22)
2026-05-06T10:44:21,560 INFO     [lyrics.py:66] Lyrics already attached (overwrite: False)
2026-05-06T10:44:21,560 INFO     [lyrics.py:64] Track: Nine Inch Nails & Boys Noize - As Alive as You Need Me to Be (Nine Inch Noize) (duration: 254.47)
2026-05-06T10:44:21,560 INFO     [lyrics.py:66] Lyrics already attached (overwrite: False)
2026-05-06T10:44:21,560 INFO     [lyrics.py:64] Track: ROSÉ & Bruno Mars - APT. (rosie) (duration: 169.95)
2026-05-06T10:44:21,560 INFO     [lyrics.py:66] Lyrics already attached (overwrite: False)
2026-05-06T10:44:21,560 INFO     [lyrics.py:64] Track: Skatune Network - Tetris (Tetris) (duration: 204.05)
2026-05-06T10:44:30,850 INFO     [lyrics.py:85] No lyrics selected
2026-05-06T10:44:30,850 INFO     [lyrics.py:194] Attaching empty lyrics to file.
2026-05-06T10:44:30,850 INFO     [lyrics.py:64] Track: Skatune Network - Yoshi's Story (Yoshi's Story) (duration: 236.46)
2026-05-06T10:44:38,980 INFO     [lyrics.py:85] No lyrics selected
2026-05-06T10:44:38,980 INFO     [lyrics.py:194] Attaching empty lyrics to file.
2026-05-06T10:44:38,980 INFO     [lyrics.py:64] Track: Trypticon - Area 51 (Area 51) (duration: 276.98)
2026-05-06T10:44:45,844 INFO     [lyrics.py:85] No lyrics selected
2026-05-06T10:44:45,844 INFO     [lyrics.py:194] Attaching empty lyrics to file.
2026-05-06T10:44:45,844 INFO     [lyrics.py:94] Lyrics found for 0 of 49 tracks.
2026-05-08T13:17:29,169 INFO     [utils.py:150] Begin logging.
2026-05-08T13:17:29,238 INFO     [lyrics.py:59] Track: Darren Styles & Gammer - You & I (Da Tweekaz 170 BPM remix) (Darren Styles & Gammer EP) (duration: 328.99)
2026-05-08T13:17:29,239 INFO     [lyrics.py:74] Lyrics already embedded in file
2026-05-08T13:22:24,703 INFO     [utils.py:150] Begin logging.
2026-05-08T13:22:24,703 DEBUG    [lyrics.py:266] <__main__.fake_args object at 0x000001C4F6ADE450>
2026-05-08T13:22:32,140 INFO     [lyrics.py:59] Track: Darren Styles & Gammer - You & I (Da Tweekaz 170 BPM remix) (Darren Styles & Gammer EP) (duration: 328.99)
2026-05-08T13:22:34,375 INFO     [lyrics.py:74] Lyrics already embedded in file
2026-05-08T13:22:34,926 DEBUG    [lyrics.py:75] [00:00.01] Ah-ah-ah-ah-ah-ah I
[00:00.32] (You and I)
[00:21.13] Ah-ah-ah-ah-ah I
[00:22.09] (You and I)
[00:24.72] 
[00:45.18] You and I
[00:48.67] We could fly into the open sky
[00:54.35] And we'll hold on while our dreams collide
[00:59.90] Take a moment in the open sky
[01:05.23] We'll take a moment in the open sky
[01:13.62] 
[01:24.74] You and I
[01:28.26] We could fly into the open sky
[01:33.59] We'll take a moment in the open sky...
[01:45.68] You-you-and-and-and-and
[01:49.00] 
[02:09.80] You and I
[02:13.49] We could fly into the open sky
[02:19.06] And we'll hold on while our dreams collide
[02:24.64] Take a moment in the open sky
[02:30.09] We'll take a moment in the open sky
[02:35.70] We'll take a moment in the open sky...
[02:39.63] Ah-ah-ah-ah-ah-ah I
[03:03.50] (You and I)
[03:07.06] (You and I)
[03:07.49] (You and I)
[03:12.67] (You and I)
[03:13.09] (You and I)
[03:17.64] You and I
[03:21.10] We could fly into the open sky
[03:26.81] And we'll hold on while our dreams collide
[03:32.39] Take a moment in the open sky
[03:37.81] We'll take a moment in the open sky
[03:46.11] 
[03:51.52] You and I
[03:55.00] We could fly into the open sky
[04:00.23] We'll take a moment in the open sky...
[04:10.84] 
[04:12.85] (You and I)
[04:15.84] 
[04:36.70] You and I
[04:50.82] (You and I)
[05:08.07] 
2026-05-08T13:22:39,848 ERROR    [lyrics.py:119] 'bool' object has no attribute 'lower'
2026-05-08T13:23:14,034 INFO     [utils.py:150] Begin logging.
2026-05-08T13:23:14,035 DEBUG    [lyrics.py:266] <__main__.fake_args object at 0x000002644CD83830>
2026-05-08T13:23:24,036 INFO     [lyrics.py:59] Track: Darren Styles & Gammer - You & I (Da Tweekaz 170 BPM remix) (Darren Styles & Gammer EP) (duration: 328.99)
2026-05-08T13:23:26,166 INFO     [lyrics.py:74] Lyrics already embedded in file
2026-05-08T13:23:26,329 DEBUG    [lyrics.py:75] [00:00.01] Ah-ah-ah-ah-ah-ah I
[00:00.32] (You and I)
[00:21.13] Ah-ah-ah-ah-ah I
[00:22.09] (You and I)
[00:24.72] 
[00:45.18] You and I
[00:48.67] We could fly into the open sky
[00:54.35] And we'll hold on while our dreams collide
[00:59.90] Take a moment in the open sky
[01:05.23] We'll take a moment in the open sky
[01:13.62] 
[01:24.74] You and I
[01:28.26] We could fly into the open sky
[01:33.59] We'll take a moment in the open sky...
[01:45.68] You-you-and-and-and-and
[01:49.00] 
[02:09.80] You and I
[02:13.49] We could fly into the open sky
[02:19.06] And we'll hold on while our dreams collide
[02:24.64] Take a moment in the open sky
[02:30.09] We'll take a moment in the open sky
[02:35.70] We'll take a moment in the open sky...
[02:39.63] Ah-ah-ah-ah-ah-ah I
[03:03.50] (You and I)
[03:07.06] (You and I)
[03:07.49] (You and I)
[03:12.67] (You and I)
[03:13.09] (You and I)
[03:17.64] You and I
[03:21.10] We could fly into the open sky
[03:26.81] And we'll hold on while our dreams collide
[03:32.39] Take a moment in the open sky
[03:37.81] We'll take a moment in the open sky
[03:46.11] 
[03:51.52] You and I
[03:55.00] We could fly into the open sky
[04:00.23] We'll take a moment in the open sky...
[04:10.84] 
[04:12.85] (You and I)
[04:15.84] 
[04:36.70] You and I
[04:50.82] (You and I)
[05:08.07] 
2026-05-08T13:23:31,840 INFO     [lyrics.py:106] Lyrics selected
2026-05-08T13:23:32,890 DEBUG    [lyrics.py:107] [00:00.01] Ah-ah-ah-ah-ah-ah I
[00:00.32] (You and I)
[00:21.13] Ah-ah-ah-ah-ah I
[00:22.09] (You and I)
[00:24.72] 
[00:45.18] You and I
[00:48.67] We could fly into the open sky
[00:54.35] And we'll hold on while our dreams collide
[00:59.90] Take a moment in the open sky
[01:05.23] We'll take a moment in the open sky
[01:13.62] 
[01:24.74] You and I
[01:28.26] We could fly into the open sky
[01:33.59] We'll take a moment in the open sky...
[01:45.68] You-you-and-and-and-and
[01:49.00] 
[02:09.80] You and I
[02:13.49] We could fly into the open sky
[02:19.06] And we'll hold on while our dreams collide
[02:24.64] Take a moment in the open sky
[02:30.09] We'll take a moment in the open sky
[02:35.70] We'll take a moment in the open sky...
[02:39.63] Ah-ah-ah-ah-ah-ah I
[03:03.50] (You and I)
[03:07.06] (You and I)
[03:07.49] (You and I)
[03:12.67] (You and I)
[03:13.09] (You and I)
[03:17.64] You and I
[03:21.10] We could fly into the open sky
[03:26.81] And we'll hold on while our dreams collide
[03:32.39] Take a moment in the open sky
[03:37.81] We'll take a moment in the open sky
[03:46.11] 
[03:51.52] You and I
[03:55.00] We could fly into the open sky
[04:00.23] We'll take a moment in the open sky...
[04:10.84] 
[04:12.85] (You and I)
[04:15.84] 
[04:36.70] You and I
[04:50.82] (You and I)
[05:08.07] 
2026-05-08T13:23:57,323 INFO     [utils.py:150] Begin logging.
2026-05-08T13:23:57,390 INFO     [lyrics.py:59] Track: Darren Styles & Gammer - You & I (Da Tweekaz 170 BPM remix) (Darren Styles & Gammer EP) (duration: 328.99)
2026-05-08T13:23:57,390 INFO     [lyrics.py:74] Lyrics already embedded in file
2026-05-08T13:23:57,390 INFO     [lyrics.py:106] Lyrics selected
2026-05-08T13:23:57,390 INFO     [lyrics.py:232] Attaching  lyrics to file.
2026-05-08T13:23:57,391 INFO     [lyrics.py:59] Track: Darren Styles & Gammer - Hey (Darren Styles & Gammer EP) (duration: 254.17)
2026-05-08T13:24:06,446 INFO     [lyrics.py:112] No lyrics selected
2026-05-08T13:24:06,446 INFO     [lyrics.py:232] Attaching empty lyrics to file.
2026-05-08T13:24:06,447 INFO     [lyrics.py:59] Track: Don Broco - Cellophane (Nightmare Tripping) (duration: 197.28)
2026-05-08T13:24:06,447 INFO     [lyrics.py:74] Lyrics already embedded in file
2026-05-08T13:24:06,448 INFO     [lyrics.py:106] Lyrics selected
2026-05-08T13:24:06,448 INFO     [lyrics.py:232] Attaching  lyrics to file.
2026-05-08T13:24:06,448 INFO     [lyrics.py:59] Track: Don Broco - Disappear (Nightmare Tripping) (duration: 231.31)
2026-05-08T13:24:06,449 INFO     [lyrics.py:74] Lyrics already embedded in file
2026-05-08T13:24:06,449 INFO     [lyrics.py:106] Lyrics selected
2026-05-08T13:24:06,449 INFO     [lyrics.py:232] Attaching  lyrics to file.
2026-05-08T13:24:06,449 INFO     [lyrics.py:59] Track: Don Broco - Somersaults (Nightmare Tripping) (duration: 197.98)
2026-05-08T13:24:06,450 INFO     [lyrics.py:74] Lyrics already embedded in file
2026-05-08T13:24:06,450 INFO     [lyrics.py:106] Lyrics selected
2026-05-08T13:24:06,450 INFO     [lyrics.py:232] Attaching  lyrics to file.
2026-05-08T13:24:06,451 INFO     [lyrics.py:59] Track: Don Broco feat. Nickelback - Nightmare Tripping (Nightmare Tripping) (duration: 321.15)
2026-05-08T13:24:06,451 INFO     [lyrics.py:74] Lyrics already embedded in file
2026-05-08T13:24:06,451 INFO     [lyrics.py:106] Lyrics selected
2026-05-08T13:24:06,451 INFO     [lyrics.py:232] Attaching  lyrics to file.
2026-05-08T13:24:06,451 INFO     [lyrics.py:59] Track: Don Broco - Ghost in the Night (Nightmare Tripping) (duration: 257.88)
2026-05-08T13:24:06,452 INFO     [lyrics.py:74] Lyrics already embedded in file
2026-05-08T13:24:06,452 INFO     [lyrics.py:106] Lyrics selected
2026-05-08T13:24:06,452 INFO     [lyrics.py:232] Attaching  lyrics to file.
2026-05-08T13:24:06,452 INFO     [lyrics.py:59] Track: Don Broco feat. Sam Carter - True Believers (Nightmare Tripping) (duration: 212.32)
2026-05-08T13:24:06,452 INFO     [lyrics.py:74] Lyrics already embedded in file
2026-05-08T13:24:06,452 INFO     [lyrics.py:106] Lyrics selected
2026-05-08T13:24:06,453 INFO     [lyrics.py:232] Attaching  lyrics to file.
2026-05-08T13:24:06,453 INFO     [lyrics.py:59] Track: Don Broco - Euphoria (Nightmare Tripping) (duration: 206.0)
2026-05-08T13:24:06,453 INFO     [lyrics.py:74] Lyrics already embedded in file
2026-05-08T13:24:06,453 INFO     [lyrics.py:106] Lyrics selected
2026-05-08T13:24:06,453 INFO     [lyrics.py:232] Attaching  lyrics to file.
2026-05-08T13:24:06,454 INFO     [lyrics.py:59] Track: Don Broco - Pacify Me (Nightmare Tripping) (duration: 221.44)
2026-05-08T13:24:06,455 INFO     [lyrics.py:74] Lyrics already embedded in file
2026-05-08T13:24:06,455 INFO     [lyrics.py:106] Lyrics selected
2026-05-08T13:24:06,455 INFO     [lyrics.py:232] Attaching  lyrics to file.
2026-05-08T13:24:06,455 INFO     [lyrics.py:59] Track: Don Broco - Swimming Pools (Nightmare Tripping) (duration: 188.73)
2026-05-08T13:24:06,455 INFO     [lyrics.py:74] Lyrics already embedded in file
2026-05-08T13:24:06,455 INFO     [lyrics.py:106] Lyrics selected
2026-05-08T13:24:06,455 INFO     [lyrics.py:232] Attaching  lyrics to file.
2026-05-08T13:24:06,456 INFO     [lyrics.py:59] Track: Don Broco - Hype Man (Nightmare Tripping) (duration: 248.56)
2026-05-08T13:24:06,456 INFO     [lyrics.py:74] Lyrics already embedded in file
2026-05-08T13:24:06,456 INFO     [lyrics.py:106] Lyrics selected
2026-05-08T13:24:06,456 INFO     [lyrics.py:232] Attaching  lyrics to file.
2026-05-08T13:24:06,457 INFO     [lyrics.py:59] Track: Don Broco - The Corner (Nightmare Tripping) (duration: 263.86)
2026-05-08T13:24:06,457 INFO     [lyrics.py:74] Lyrics already embedded in file
2026-05-08T13:24:06,457 INFO     [lyrics.py:106] Lyrics selected
2026-05-08T13:24:06,457 INFO     [lyrics.py:232] Attaching  lyrics to file.
2026-05-08T13:24:06,458 INFO     [lyrics.py:59] Track: Eats Everything - Make Some Noise (Make Some Noise) (duration: 191.19)
2026-05-08T13:24:15,154 INFO     [lyrics.py:112] No lyrics selected
2026-05-08T13:24:15,154 INFO     [lyrics.py:232] Attaching empty lyrics to file.
2026-05-08T13:24:15,155 INFO     [lyrics.py:59] Track: Gammer - Sun Will Rise Again (Sun Will Rise Again) (duration: 182.75)
2026-05-08T13:24:26,279 INFO     [lyrics.py:112] No lyrics selected
2026-05-08T13:24:26,279 INFO     [lyrics.py:232] Attaching empty lyrics to file.
2026-05-08T13:24:26,280 INFO     [lyrics.py:59] Track: Jason Ross & TW3LVE - Let Go (Let Go) (duration: 205.11)
2026-05-08T13:24:56,074 INFO     [lyrics.py:106] Lyrics selected
2026-05-08T13:24:56,074 INFO     [lyrics.py:232] Attaching  lyrics to file.
2026-05-08T13:24:56,075 INFO     [lyrics.py:59] Track: Jay Reeve & Wasted Penguinz - When the World Ends (extended mix) (When the World Ends) (duration: 183.1)
2026-05-08T13:25:08,479 INFO     [lyrics.py:112] No lyrics selected
2026-05-08T13:25:08,479 INFO     [lyrics.py:232] Attaching empty lyrics to file.
2026-05-08T13:25:08,480 INFO     [lyrics.py:59] Track: Kobaryo - Hyper Hexed Hero (Hyper Hexed Hero) (duration: 154.23)
2026-05-08T13:25:19,146 INFO     [lyrics.py:112] No lyrics selected
2026-05-08T13:25:19,146 INFO     [lyrics.py:232] Attaching empty lyrics to file.
2026-05-08T13:25:19,147 INFO     [lyrics.py:59] Track: Kym Ayres & Technikal - More & More (Steve Hill & Technikal remix) (More & More (Steve Hill & Technikal Remix)) (duration: 226.85)
2026-05-08T13:25:39,378 INFO     [lyrics.py:112] No lyrics selected
2026-05-08T13:25:39,378 INFO     [lyrics.py:232] Attaching empty lyrics to file.
2026-05-08T13:25:39,379 INFO     [lyrics.py:59] Track: Low-E & Alter Egosz - Pain (radio edit) (Pain) (duration: 201.25)
2026-05-08T13:25:48,495 INFO     [lyrics.py:112] No lyrics selected
2026-05-08T13:25:48,495 INFO     [lyrics.py:232] Attaching empty lyrics to file.
2026-05-08T13:25:48,496 INFO     [lyrics.py:59] Track: Militarie Gun - PART II (God Save the Gun) (duration: 20.82)
2026-05-08T13:25:48,496 INFO     [lyrics.py:74] Lyrics already embedded in file
2026-05-08T13:25:48,496 INFO     [lyrics.py:106] Lyrics selected
2026-05-08T13:25:48,496 INFO     [lyrics.py:232] Attaching  lyrics to file.
2026-05-08T13:25:48,497 INFO     [lyrics.py:59] Track: Militarie Gun - B-A-D-I-D-E-A (God Save the Gun) (duration: 109.66)
2026-05-08T13:25:48,497 INFO     [lyrics.py:74] Lyrics already embedded in file
2026-05-08T13:25:48,497 INFO     [lyrics.py:106] Lyrics selected
2026-05-08T13:25:48,497 INFO     [lyrics.py:232] Attaching  lyrics to file.
2026-05-08T13:25:48,498 INFO     [lyrics.py:59] Track: Militarie Gun - Fill Me With Paint (God Save the Gun) (duration: 155.85)
2026-05-08T13:25:48,498 INFO     [lyrics.py:74] Lyrics already embedded in file
2026-05-08T13:25:48,498 INFO     [lyrics.py:106] Lyrics selected
2026-05-08T13:25:48,498 INFO     [lyrics.py:232] Attaching  lyrics to file.
2026-05-08T13:25:48,499 INFO     [lyrics.py:59] Track: Militarie Gun - Throw Me Away (God Save the Gun) (duration: 191.24)
2026-05-08T13:25:48,499 INFO     [lyrics.py:74] Lyrics already embedded in file
2026-05-08T13:25:48,499 INFO     [lyrics.py:106] Lyrics selected
2026-05-08T13:25:48,499 INFO     [lyrics.py:232] Attaching  lyrics to file.
2026-05-08T13:25:48,500 INFO     [lyrics.py:59] Track: Militarie Gun - God Owes Me Money (God Save the Gun) (duration: 201.64)
2026-05-08T13:25:48,500 INFO     [lyrics.py:74] Lyrics already embedded in file
2026-05-08T13:25:48,500 INFO     [lyrics.py:106] Lyrics selected
2026-05-08T13:25:48,500 INFO     [lyrics.py:232] Attaching  lyrics to file.
2026-05-08T13:25:48,500 INFO     [lyrics.py:59] Track: Militarie Gun - Daydream (God Save the Gun) (duration: 170.95)
2026-05-08T13:25:48,501 INFO     [lyrics.py:74] Lyrics already embedded in file
2026-05-08T13:25:48,501 INFO     [lyrics.py:106] Lyrics selected
2026-05-08T13:25:48,501 INFO     [lyrics.py:232] Attaching  lyrics to file.
2026-05-08T13:25:48,501 INFO     [lyrics.py:59] Track: Militarie Gun - Maybe I’ll Burn My Life Down (God Save the Gun) (duration: 152.48)
2026-05-08T13:25:48,502 INFO     [lyrics.py:74] Lyrics already embedded in file
2026-05-08T13:25:48,502 INFO     [lyrics.py:106] Lyrics selected
2026-05-08T13:25:48,502 INFO     [lyrics.py:232] Attaching  lyrics to file.
2026-05-08T13:25:48,502 INFO     [lyrics.py:59] Track: Militarie Gun - Kick (God Save the Gun) (duration: 229.38)
2026-05-08T13:25:48,503 INFO     [lyrics.py:74] Lyrics already embedded in file
2026-05-08T13:25:48,503 INFO     [lyrics.py:106] Lyrics selected
2026-05-08T13:25:48,503 INFO     [lyrics.py:232] Attaching  lyrics to file.
2026-05-08T13:25:48,504 INFO     [lyrics.py:59] Track: Militarie Gun - Laugh at Me (God Save the Gun) (duration: 140.8)
2026-05-08T13:25:48,504 INFO     [lyrics.py:74] Lyrics already embedded in file
2026-05-08T13:25:48,504 INFO     [lyrics.py:106] Lyrics selected
2026-05-08T13:25:48,504 INFO     [lyrics.py:232] Attaching  lyrics to file.
2026-05-08T13:25:48,505 INFO     [lyrics.py:59] Track: Militarie Gun - Wake Up and Smile (God Save the Gun) (duration: 183.35)
2026-05-08T13:25:48,505 INFO     [lyrics.py:74] Lyrics already embedded in file
2026-05-08T13:25:48,505 INFO     [lyrics.py:106] Lyrics selected
2026-05-08T13:25:48,505 INFO     [lyrics.py:232] Attaching  lyrics to file.
2026-05-08T13:25:48,506 INFO     [lyrics.py:59] Track: Militarie Gun - I Won’t Murder Your Friend (God Save the Gun) (duration: 277.5)
2026-05-08T13:25:48,506 INFO     [lyrics.py:74] Lyrics already embedded in file
2026-05-08T13:25:48,506 INFO     [lyrics.py:106] Lyrics selected
2026-05-08T13:25:48,506 INFO     [lyrics.py:232] Attaching  lyrics to file.
2026-05-08T13:25:48,506 INFO     [lyrics.py:59] Track: Militarie Gun and Isaac Brock - Isaac’s Song (God Save the Gun) (duration: 56.08)
2026-05-08T13:25:48,506 INFO     [lyrics.py:74] Lyrics already embedded in file
2026-05-08T13:25:48,507 INFO     [lyrics.py:106] Lyrics selected
2026-05-08T13:25:48,507 INFO     [lyrics.py:232] Attaching  lyrics to file.
2026-05-08T13:25:48,507 INFO     [lyrics.py:59] Track: Militarie Gun - Thought You Were Waving (God Save the Gun) (duration: 179.3)
2026-05-08T13:25:48,508 INFO     [lyrics.py:74] Lyrics already embedded in file
2026-05-08T13:25:48,508 INFO     [lyrics.py:106] Lyrics selected
2026-05-08T13:25:48,508 INFO     [lyrics.py:232] Attaching  lyrics to file.
2026-05-08T13:25:48,508 INFO     [lyrics.py:59] Track: Militarie Gun - God Save the Gun (God Save the Gun) (duration: 193.44)
2026-05-08T13:25:48,508 INFO     [lyrics.py:74] Lyrics already embedded in file
2026-05-08T13:25:48,508 INFO     [lyrics.py:106] Lyrics selected
2026-05-08T13:25:48,508 INFO     [lyrics.py:232] Attaching  lyrics to file.
2026-05-08T13:25:48,509 INFO     [lyrics.py:59] Track: Sia - Alive (This Is Acting) (duration: 263.55)
2026-05-08T13:25:48,509 INFO     [lyrics.py:74] Lyrics already embedded in file
2026-05-08T13:25:48,509 INFO     [lyrics.py:106] Lyrics selected
2026-05-08T13:25:48,509 INFO     [lyrics.py:232] Attaching  lyrics to file.
2026-05-08T13:25:48,510 INFO     [lyrics.py:59] Track: The Tidy Boys & Technikal - The Danger (Sam Townend remix) (The Danger (Sam Townend Remix)) (duration: 238.73)
2026-05-08T13:25:57,059 INFO     [lyrics.py:112] No lyrics selected
2026-05-08T13:25:57,059 INFO     [lyrics.py:232] Attaching empty lyrics to file.
2026-05-08T13:25:57,060 INFO     [lyrics.py:59] Track: two girls one mom & EARGAZM - Bounce Order (Bounce Order) (duration: 258.04)
2026-05-08T13:26:05,496 INFO     [lyrics.py:112] No lyrics selected
2026-05-08T13:26:05,496 INFO     [lyrics.py:232] Attaching empty lyrics to file.
2026-05-08T13:26:05,497 INFO     [lyrics.py:59] Track: Yellow Claw, Diplo & LNY TNZ feat. Waka Flocka Flame - Techno (Amsterdam Trap Music, Vol. 2) (duration: 208.04)
2026-05-08T13:26:05,497 INFO     [lyrics.py:74] Lyrics already embedded in file
2026-05-08T13:26:05,497 INFO     [lyrics.py:106] Lyrics selected
2026-05-08T13:26:05,497 INFO     [lyrics.py:232] Attaching  lyrics to file.
2026-05-08T13:26:05,498 INFO     [lyrics.py:121] Lyrics found for 29 of 38 tracks.
2026-05-08T14:16:33,071 INFO     [utils.py:150] Begin logging.
2026-05-08T14:16:33,131 INFO     [lyrics.py:59] Track: Failure - Crash Test Delayed (Location Lost) (duration: 335.05)
2026-05-08T14:17:34,730 ERROR    [lyrics.py:221] Invalid response from LRCLIB:
2026-05-08T14:17:34,730 ERROR    [lyrics.py:222] status code: 504
2026-05-08T14:17:34,730 ERROR    [lyrics.py:223] content-type: text/html
2026-05-08T14:17:34,730 ERROR    [lyrics.py:119] name 'SearchError' is not defined
2026-05-08T14:38:10,226 INFO     [utils.py:150] Begin logging.
2026-05-08T14:38:10,227 DEBUG    [lyrics.py:266] <__main__.fake_args object at 0x000001A44D4A7BC0>
2026-05-08T14:38:13,228 INFO     [lyrics.py:59] Track: Failure - Crash Test Delayed (Location Lost) (duration: 335.05)
2026-05-08T14:38:13,238 DEBUG    [connectionpool.py:1049] Starting new HTTPS connection (1): lrclib.net:443
2026-05-08T14:38:21,328 DEBUG    [connectionpool.py:544] https://lrclib.net:443 "GET /api/search?q=Crash+Test+Delayed+Failure+Location+Lost HTTP/1.1" 200 2
2026-05-08T14:38:21,330 DEBUG    [lyrics.py:202] params: {'q': 'Crash Test Delayed Failure Location Lost'}
2026-05-08T14:38:21,330 DEBUG    [lyrics.py:203] Number of results: 0
2026-05-08T14:38:21,330 INFO     [lyrics.py:112] No lyrics selected
2026-05-08T14:38:21,330 INFO     [lyrics.py:59] Track: Failure & Hayley Williams - The Rising Skyline (Location Lost) (duration: 272.82)
2026-05-08T14:38:21,334 DEBUG    [connectionpool.py:1049] Starting new HTTPS connection (1): lrclib.net:443
2026-05-08T14:38:32,797 DEBUG    [connectionpool.py:544] https://lrclib.net:443 "GET /api/search?q=The+Rising+Skyline+Failure+Location+Lost HTTP/1.1" 200 None
2026-05-08T14:38:32,800 DEBUG    [lyrics.py:202] params: {'q': 'The Rising Skyline Failure Location Lost'}
2026-05-08T14:38:32,800 DEBUG    [lyrics.py:203] Number of results: 1
2026-05-08T14:38:41,755 INFO     [lyrics.py:106] Lyrics selected
2026-05-08T14:38:41,755 DEBUG    [lyrics.py:107] [01:01.14] The shape of your subtle grin
[01:07.90] Refill the memory, no medicine
[01:14.66] The way you held your lighter
[01:22.39] Think back to it all, no consequence
[01:34.87] Now you're untethered
[01:41.79] Check the box unhoused
[01:49.44] Stand in the driveway
[01:57.21] Feet leave the ground
[02:16.32] The smell of the desert wind
[02:22.80] Unsure what's living beneath your skin
[02:29.52] The way you pulled the trigger
[02:37.73] So long ago, no prejudice
[02:49.80] Now you're untethered
[02:57.33] Check the box unhoused
[03:04.55] Stand in the driveway
[03:11.81] Feet leave the ground
[03:38.53] Hold onto the rising skyline
[03:49.63] Hold onto the rising skyline
[04:02.96] 
2026-05-08T14:38:41,755 INFO     [lyrics.py:59] Track: Failure - Solid State (Location Lost) (duration: 273.55)
2026-05-08T14:38:41,757 DEBUG    [connectionpool.py:1049] Starting new HTTPS connection (1): lrclib.net:443
2026-05-08T14:38:52,218 DEBUG    [connectionpool.py:544] https://lrclib.net:443 "GET /api/search?q=Solid+State+Failure+Location+Lost HTTP/1.1" 200 None
2026-05-08T14:38:52,219 DEBUG    [lyrics.py:202] params: {'q': 'Solid State Failure Location Lost'}
2026-05-08T14:38:52,219 DEBUG    [lyrics.py:203] Number of results: 1
2026-05-08T14:39:00,784 INFO     [lyrics.py:106] Lyrics selected
2026-05-08T14:39:00,784 DEBUG    [lyrics.py:107] I sent you sugar, stolen from the other side
Another tin can dream whistles by
"We correlate", you say beyond the speed of light
But you can never be free from what you hide

There's something out of place
You'll never see the shape I'm in
I crossed the solid state
Dropped a memory to break the skin

We're sliding off the edge of daylight
Falling was so easy for you
Bleeding off the frames of human time
We'r\u0435 stalling at the edge of th\u0435 truth

There's nothing left to do but fall through space
Another body waits to take your place
This action grows stranger every day
Your mind gets clearer as I float further away

There's something out of place
They'll never see the shape we're in
We crossed the solid state
Left a memory to break the skin

We're sliding off the edge of daylight
Falling was so easy for you
Bleeding off the frames of human time
We're stalling at the edge of the truth
2026-05-08T14:39:00,785 INFO     [lyrics.py:59] Track: Failure - The Air's on Fire (Location Lost) (duration: 315.82)
2026-05-08T14:39:00,787 DEBUG    [connectionpool.py:1049] Starting new HTTPS connection (1): lrclib.net:443
2026-05-08T14:39:10,360 DEBUG    [connectionpool.py:544] https://lrclib.net:443 "GET /api/search?q=The+Air%27s+on+Fire+Failure+Location+Lost HTTP/1.1" 200 None
2026-05-08T14:39:10,360 DEBUG    [lyrics.py:202] params: {'q': "The Air's on Fire Failure Location Lost"}
2026-05-08T14:39:10,360 DEBUG    [lyrics.py:203] Number of results: 1
2026-05-08T14:46:23,525 INFO     [utils.py:150] Begin logging.
2026-05-08T14:46:23,526 DEBUG    [lyrics.py:266] <__main__.fake_args object at 0x000001CA1CE5B890>
2026-05-08T14:46:23,750 INFO     [lyrics.py:59] Track: Failure - Crash Test Delayed (Location Lost) (duration: 335.05)
2026-05-08T14:46:23,757 DEBUG    [connectionpool.py:1049] Starting new HTTPS connection (1): lrclib.net:443
2026-05-08T14:46:37,197 DEBUG    [connectionpool.py:544] https://lrclib.net:443 "GET /api/search?q=Crash+Test+Delayed+Failure+Location+Lost HTTP/1.1" 200 2
2026-05-08T14:46:37,200 DEBUG    [lyrics.py:202] params: {'q': 'Crash Test Delayed Failure Location Lost'}
2026-05-08T14:46:37,200 DEBUG    [lyrics.py:203] Number of results: 0
2026-05-08T14:46:37,200 INFO     [lyrics.py:112] No lyrics selected
2026-05-08T14:46:37,200 INFO     [lyrics.py:59] Track: Failure & Hayley Williams - The Rising Skyline (Location Lost) (duration: 272.82)
2026-05-08T14:46:37,202 DEBUG    [connectionpool.py:1049] Starting new HTTPS connection (1): lrclib.net:443
2026-05-08T14:46:45,925 DEBUG    [connectionpool.py:544] https://lrclib.net:443 "GET /api/search?q=The+Rising+Skyline+Failure+Location+Lost HTTP/1.1" 200 None
2026-05-08T14:46:45,926 DEBUG    [lyrics.py:202] params: {'q': 'The Rising Skyline Failure Location Lost'}
2026-05-08T14:46:45,926 DEBUG    [lyrics.py:203] Number of results: 1
2026-05-08T14:46:45,926 INFO     [lyrics.py:136] Number of results: 1
2026-05-08T14:46:45,927 DEBUG    [lyrics.py:126] 	id: 33174475
2026-05-08T14:46:45,927 DEBUG    [lyrics.py:127] 	trackName: The Rising Skyline
2026-05-08T14:46:45,927 DEBUG    [lyrics.py:128] 	artistName: Failure
2026-05-08T14:46:45,927 DEBUG    [lyrics.py:129] 	albumName: Location Lost
2026-05-08T14:46:45,927 DEBUG    [lyrics.py:130] 	duration: 273.0
2026-05-08T14:46:45,927 DEBUG    [lyrics.py:131] 	lyric_type exists: yes
2026-05-08T14:46:45,928 INFO     [lyrics.py:112] No lyrics selected
2026-05-08T14:46:45,928 INFO     [lyrics.py:59] Track: Failure - Solid State (Location Lost) (duration: 273.55)
2026-05-08T14:46:45,930 DEBUG    [connectionpool.py:1049] Starting new HTTPS connection (1): lrclib.net:443
2026-05-08T14:46:54,003 DEBUG    [connectionpool.py:544] https://lrclib.net:443 "GET /api/search?q=Solid+State+Failure+Location+Lost HTTP/1.1" 200 None
2026-05-08T14:46:54,003 DEBUG    [lyrics.py:202] params: {'q': 'Solid State Failure Location Lost'}
2026-05-08T14:46:54,003 DEBUG    [lyrics.py:203] Number of results: 1
2026-05-08T14:46:54,004 INFO     [lyrics.py:136] Number of results: 1
2026-05-08T14:46:54,004 DEBUG    [lyrics.py:126] 	id: 33189042
2026-05-08T14:46:54,004 DEBUG    [lyrics.py:127] 	trackName: Solid State
2026-05-08T14:46:54,004 DEBUG    [lyrics.py:128] 	artistName: Failure
2026-05-08T14:46:54,004 DEBUG    [lyrics.py:129] 	albumName: Location Lost
2026-05-08T14:46:54,004 DEBUG    [lyrics.py:130] 	duration: 274.0
2026-05-08T14:46:54,004 DEBUG    [lyrics.py:131] 	lyric_type exists: no
2026-05-08T14:46:54,004 INFO     [lyrics.py:106] Lyrics selected
2026-05-08T14:46:54,005 DEBUG    [lyrics.py:107] I sent you sugar, stolen from the other side
Another tin can dream whistles by
"We correlate", you say beyond the speed of light
But you can never be free from what you hide

There's something out of place
You'll never see the shape I'm in
I crossed the solid state
Dropped a memory to break the skin

We're sliding off the edge of daylight
Falling was so easy for you
Bleeding off the frames of human time
We'r\u0435 stalling at the edge of th\u0435 truth

There's nothing left to do but fall through space
Another body waits to take your place
This action grows stranger every day
Your mind gets clearer as I float further away

There's something out of place
They'll never see the shape we're in
We crossed the solid state
Left a memory to break the skin

We're sliding off the edge of daylight
Falling was so easy for you
Bleeding off the frames of human time
We're stalling at the edge of the truth
2026-05-08T14:46:54,005 INFO     [lyrics.py:59] Track: Failure - The Air's on Fire (Location Lost) (duration: 315.82)
2026-05-08T14:46:54,006 DEBUG    [connectionpool.py:1049] Starting new HTTPS connection (1): lrclib.net:443
2026-05-08T14:47:03,636 DEBUG    [connectionpool.py:544] https://lrclib.net:443 "GET /api/search?q=The+Air%27s+on+Fire+Failure+Location+Lost HTTP/1.1" 200 None
2026-05-08T14:47:03,636 DEBUG    [lyrics.py:202] params: {'q': "The Air's on Fire Failure Location Lost"}
2026-05-08T14:47:03,636 DEBUG    [lyrics.py:203] Number of results: 1
2026-05-08T14:47:03,636 INFO     [lyrics.py:136] Number of results: 1
2026-05-08T14:47:03,636 DEBUG    [lyrics.py:126] 	id: 33192854
2026-05-08T14:47:03,636 DEBUG    [lyrics.py:127] 	trackName: The Air's on Fire
2026-05-08T14:47:03,636 DEBUG    [lyrics.py:128] 	artistName: Failure
2026-05-08T14:47:03,636 DEBUG    [lyrics.py:129] 	albumName: Location Lost
2026-05-08T14:47:03,636 DEBUG    [lyrics.py:130] 	duration: 316.0
2026-05-08T14:47:03,637 DEBUG    [lyrics.py:131] 	lyric_type exists: yes
2026-05-08T14:47:03,637 INFO     [lyrics.py:106] Lyrics selected
2026-05-08T14:47:03,637 DEBUG    [lyrics.py:107] [00:17.43] Ooh
[00:25.42] Ooh
[00:34.38] Try breathing in 'til the red light's off
[00:38.48] But the room's not still, the room's not still
[00:42.74] Now lean over for a quick blood draw
[00:46.97] But the air's on fire, the air's on fire
[00:51.15] (Ooh)
[00:55.34] But the room's not still, the room's not still
[00:59.41] (Ooh)
[01:03.66] But the air's on fire, the air's on fire
[01:14.02] Just take me home
[01:24.58] It's never felt this way before
[01:30.93] (Just take me home)
[01:32.89] Things don't work like they did before
[01:40.82] Feel them turn you inside out
[01:44.55] As the spiders are crawling down
[01:47.72] (Just take me home)
[01:49.62] It's never felt this way before
[01:57.46] Ooh
[02:05.87] Ooh
[02:14.16] Try giving up and letting it go
[02:18.52] But the room's gone dark, the room's gone dark
[02:22.98] The less you know, the better you hope
[02:27.12] The hands are cold, the legs are numb
[02:31.19] Open up your eyes, look straight
[02:35.54] But I can't see or hear a thing
[02:39.42] We tripped the beat a little too late
[02:43.37] But the air's on fire, the air's on fire
[02:53.99] Just take me home
[03:04.41] It's never felt this way before
[03:11.21] (Just take me home)
[03:13.03] Things don't work like they did before
[03:20.72] Feel them turn you inside out
[03:24.71] As the spiders are crawling down
[03:27.99] (Just take me home)
[03:30.06] It's never felt this way before
[03:36.54] 
[04:27.46] Ooh
[04:36.15] Ooh
[04:44.51] Ooh
[04:52.97] Ooh
[05:00.81] Ooh
[05:13.62] 
2026-05-08T14:47:03,638 INFO     [lyrics.py:59] Track: Failure - Halo and Grain (Location Lost) (duration: 212.22)
2026-05-08T14:47:03,639 DEBUG    [connectionpool.py:1049] Starting new HTTPS connection (1): lrclib.net:443
2026-05-08T14:47:14,099 DEBUG    [connectionpool.py:544] https://lrclib.net:443 "GET /api/search?q=Halo+and+Grain+Failure+Location+Lost HTTP/1.1" 200 None
2026-05-08T14:47:14,101 DEBUG    [lyrics.py:202] params: {'q': 'Halo and Grain Failure Location Lost'}
2026-05-08T14:47:14,101 DEBUG    [lyrics.py:203] Number of results: 1
2026-05-08T14:47:14,101 INFO     [lyrics.py:136] Number of results: 1
2026-05-08T14:47:14,102 DEBUG    [lyrics.py:126] 	id: 33229703
2026-05-08T14:47:14,102 DEBUG    [lyrics.py:127] 	trackName: Halo and Grain
2026-05-08T14:47:14,102 DEBUG    [lyrics.py:128] 	artistName: Failure
2026-05-08T14:47:14,102 DEBUG    [lyrics.py:129] 	albumName: Location Lost
2026-05-08T14:47:14,102 DEBUG    [lyrics.py:130] 	duration: 212.0
2026-05-08T14:47:14,102 DEBUG    [lyrics.py:131] 	lyric_type exists: no
2026-05-08T14:47:14,102 INFO     [lyrics.py:106] Lyrics selected
2026-05-08T14:47:14,102 DEBUG    [lyrics.py:107] Ripped-up clouds, a jaw of sky
Clamping down behind your eyes
The cursor pins you to the screen
It's not a fate worth imagining

Gold pours through the heart
Your assassin hits restart
You glitter across tinfoil seas

I miss the halo and the grain
No one to man the eye
We used to flicker at the gate
And watch the cells fly by

You lost it all on the Blow Up green
A missing body for history
A diorama to simulate
I found your hair caught in the gate

Waves collapse again
Roll up your skeleton
Take the measurement of loss

I miss the radio and the sand
The threat b\u0435yond the sky
We nev\u0435r worried how to land
I don't remember being high

Waves collapse again
Roll up your skeleton
You glitter across tinfoil seas

I miss the halo and the grain
No one to man the eye
We used to flicker at the gate
And watch the cells fly by

I miss the radio and the sand
The threat beyond the sky
We never worried how to land
I don't remember being high
2026-05-08T14:50:16,733 INFO     [lyrics.py:59] Track: Failure - Someday Soon (Location Lost) (duration: 230.82)
2026-05-08T14:50:16,737 DEBUG    [connectionpool.py:1049] Starting new HTTPS connection (1): lrclib.net:443
2026-05-08T14:50:28,527 DEBUG    [connectionpool.py:544] https://lrclib.net:443 "GET /api/search?q=Someday+Soon+Failure+Location+Lost HTTP/1.1" 200 None
2026-05-08T14:50:28,528 DEBUG    [lyrics.py:202] params: {'q': 'Someday Soon Failure Location Lost'}
2026-05-08T14:50:28,528 DEBUG    [lyrics.py:203] Number of results: 1
2026-05-08T14:50:28,528 INFO     [lyrics.py:136] Number of results: 1
2026-05-08T14:50:28,528 DEBUG    [lyrics.py:126] 	id: 33196056
2026-05-08T14:50:28,528 DEBUG    [lyrics.py:127] 	trackName: Someday Soon
2026-05-08T14:50:28,528 DEBUG    [lyrics.py:128] 	artistName: Failure
2026-05-08T14:50:28,528 DEBUG    [lyrics.py:129] 	albumName: Location Lost
2026-05-08T14:50:28,528 DEBUG    [lyrics.py:130] 	duration: 231.0
2026-05-08T14:50:28,528 DEBUG    [lyrics.py:131] 	lyric_type exists: no
2026-05-08T14:50:28,529 INFO     [lyrics.py:106] Lyrics selected
2026-05-08T14:50:28,529 DEBUG    [lyrics.py:107] I saw you like a stranger talking
I listened with a stranger's eyes
The whispers gathered on the window
The violence poured across the sky

Someday soon you'll understand
Someday soon you'll understand

I saw you gesture like a vampire
You open up to empty wells
Foraging for any solace
Hollow veins and sleeping spells

Someday soon you'll understand
Someday soon you'll understand

After all the shaking is over
And the light is piercing through the cracks
The dust has caked inside your mouth
The screaming bees inside your head

Someday soon you'll understand
Someday soon you'll understand

Saw you gesture (Someday soon)
Like an empath (You'll understand)
Whispers gathered (Someday soon)
Under your spell (You'll understand)
Saw you gesture (Someday soon)
Like a vampire (You'll understand)
Victims gathered (Someday soon)
Under your spell
2026-05-08T14:51:02,566 INFO     [utils.py:150] Begin logging.
2026-05-08T14:51:02,567 DEBUG    [lyrics.py:266] <__main__.fake_args object at 0x00000137B417E000>
2026-05-08T14:51:10,833 INFO     [lyrics.py:59] Track: Failure - Crash Test Delayed (Location Lost) (duration: 335.05)
2026-05-08T14:51:10,841 DEBUG    [connectionpool.py:1049] Starting new HTTPS connection (1): lrclib.net:443
2026-05-08T14:51:26,174 DEBUG    [connectionpool.py:544] https://lrclib.net:443 "GET /api/search?q=Crash+Test+Delayed+Failure+Location+Lost HTTP/1.1" 200 2
2026-05-08T14:51:26,176 DEBUG    [lyrics.py:202] params: {'q': 'Crash Test Delayed Failure Location Lost'}
2026-05-08T14:51:26,176 DEBUG    [lyrics.py:203] Number of results: 0
2026-05-08T14:51:26,176 INFO     [lyrics.py:112] No lyrics selected
2026-05-08T14:55:09,077 INFO     [lyrics.py:232] Attaching empty lyrics to file.
2026-05-08T14:55:14,277 INFO     [lyrics.py:59] Track: Failure & Hayley Williams - The Rising Skyline (Location Lost) (duration: 272.82)
2026-05-08T14:55:14,283 DEBUG    [connectionpool.py:1049] Starting new HTTPS connection (1): lrclib.net:443
2026-05-08T14:55:27,458 DEBUG    [connectionpool.py:544] https://lrclib.net:443 "GET /api/search?q=The+Rising+Skyline+Failure+Location+Lost HTTP/1.1" 200 None
2026-05-08T14:55:27,459 DEBUG    [lyrics.py:202] params: {'q': 'The Rising Skyline Failure Location Lost'}
2026-05-08T14:55:27,459 DEBUG    [lyrics.py:203] Number of results: 1
2026-05-08T14:55:27,460 INFO     [lyrics.py:136] Number of results: 1
2026-05-08T14:55:27,460 DEBUG    [lyrics.py:126] 	id: 33174475
2026-05-08T14:55:27,460 DEBUG    [lyrics.py:127] 	trackName: The Rising Skyline
2026-05-08T14:55:27,460 DEBUG    [lyrics.py:128] 	artistName: Failure
2026-05-08T14:55:27,460 DEBUG    [lyrics.py:129] 	albumName: Location Lost
2026-05-08T14:55:27,460 DEBUG    [lyrics.py:130] 	duration: 273.0
2026-05-08T14:55:27,460 DEBUG    [lyrics.py:131] 	lyric_type exists: yes
2026-05-08T14:55:27,461 INFO     [lyrics.py:112] No lyrics selected
2026-05-08T14:55:27,461 INFO     [lyrics.py:232] Attaching empty lyrics to file.
2026-05-08T14:55:27,462 INFO     [lyrics.py:59] Track: Failure - Solid State (Location Lost) (duration: 273.55)
2026-05-08T14:55:27,464 DEBUG    [connectionpool.py:1049] Starting new HTTPS connection (1): lrclib.net:443
2026-05-08T14:55:35,642 DEBUG    [connectionpool.py:544] https://lrclib.net:443 "GET /api/search?q=Solid+State+Failure+Location+Lost HTTP/1.1" 200 None
2026-05-08T14:55:35,642 DEBUG    [lyrics.py:202] params: {'q': 'Solid State Failure Location Lost'}
2026-05-08T14:55:35,642 DEBUG    [lyrics.py:203] Number of results: 1
2026-05-08T14:55:35,642 INFO     [lyrics.py:136] Number of results: 1
2026-05-08T14:55:35,642 DEBUG    [lyrics.py:126] 	id: 33189042
2026-05-08T14:55:35,642 DEBUG    [lyrics.py:127] 	trackName: Solid State
2026-05-08T14:55:35,642 DEBUG    [lyrics.py:128] 	artistName: Failure
2026-05-08T14:55:35,642 DEBUG    [lyrics.py:129] 	albumName: Location Lost
2026-05-08T14:55:35,642 DEBUG    [lyrics.py:130] 	duration: 274.0
2026-05-08T14:55:35,642 DEBUG    [lyrics.py:131] 	lyric_type exists: no
2026-05-08T14:55:35,643 INFO     [lyrics.py:106] Lyrics selected
2026-05-08T14:55:35,643 DEBUG    [lyrics.py:107] I sent you sugar, stolen from the other side
Another tin can dream whistles by
"We correlate", you say beyond the speed of light
But you can never be free from what you hide

There's something out of place
You'll never see the shape I'm in
I crossed the solid state
Dropped a memory to break the skin

We're sliding off the edge of daylight
Falling was so easy for you
Bleeding off the frames of human time
We'r\u0435 stalling at the edge of th\u0435 truth

There's nothing left to do but fall through space
Another body waits to take your place
This action grows stranger every day
Your mind gets clearer as I float further away

There's something out of place
They'll never see the shape we're in
We crossed the solid state
Left a memory to break the skin

We're sliding off the edge of daylight
Falling was so easy for you
Bleeding off the frames of human time
We're stalling at the edge of the truth
2026-05-08T14:55:35,644 INFO     [lyrics.py:232] Attaching  lyrics to file.
2026-05-08T14:55:35,644 INFO     [lyrics.py:59] Track: Failure - The Air's on Fire (Location Lost) (duration: 315.82)
2026-05-08T14:55:35,646 DEBUG    [connectionpool.py:1049] Starting new HTTPS connection (1): lrclib.net:443
2026-05-08T14:55:44,269 DEBUG    [connectionpool.py:544] https://lrclib.net:443 "GET /api/search?q=The+Air%27s+on+Fire+Failure+Location+Lost HTTP/1.1" 200 None
2026-05-08T14:55:44,269 DEBUG    [lyrics.py:202] params: {'q': "The Air's on Fire Failure Location Lost"}
2026-05-08T14:55:44,269 DEBUG    [lyrics.py:203] Number of results: 1
2026-05-08T14:55:44,269 INFO     [lyrics.py:136] Number of results: 1
2026-05-08T14:55:44,269 DEBUG    [lyrics.py:126] 	id: 33192854
2026-05-08T14:55:44,269 DEBUG    [lyrics.py:127] 	trackName: The Air's on Fire
2026-05-08T14:55:44,269 DEBUG    [lyrics.py:128] 	artistName: Failure
2026-05-08T14:55:44,269 DEBUG    [lyrics.py:129] 	albumName: Location Lost
2026-05-08T14:55:44,269 DEBUG    [lyrics.py:130] 	duration: 316.0
2026-05-08T14:55:44,270 DEBUG    [lyrics.py:131] 	lyric_type exists: yes
2026-05-08T14:55:44,271 INFO     [lyrics.py:106] Lyrics selected
2026-05-08T14:55:44,271 DEBUG    [lyrics.py:107] [00:17.43] Ooh
[00:25.42] Ooh
[00:34.38] Try breathing in 'til the red light's off
[00:38.48] But the room's not still, the room's not still
[00:42.74] Now lean over for a quick blood draw
[00:46.97] But the air's on fire, the air's on fire
[00:51.15] (Ooh)
[00:55.34] But the room's not still, the room's not still
[00:59.41] (Ooh)
[01:03.66] But the air's on fire, the air's on fire
[01:14.02] Just take me home
[01:24.58] It's never felt this way before
[01:30.93] (Just take me home)
[01:32.89] Things don't work like they did before
[01:40.82] Feel them turn you inside out
[01:44.55] As the spiders are crawling down
[01:47.72] (Just take me home)
[01:49.62] It's never felt this way before
[01:57.46] Ooh
[02:05.87] Ooh
[02:14.16] Try giving up and letting it go
[02:18.52] But the room's gone dark, the room's gone dark
[02:22.98] The less you know, the better you hope
[02:27.12] The hands are cold, the legs are numb
[02:31.19] Open up your eyes, look straight
[02:35.54] But I can't see or hear a thing
[02:39.42] We tripped the beat a little too late
[02:43.37] But the air's on fire, the air's on fire
[02:53.99] Just take me home
[03:04.41] It's never felt this way before
[03:11.21] (Just take me home)
[03:13.03] Things don't work like they did before
[03:20.72] Feel them turn you inside out
[03:24.71] As the spiders are crawling down
[03:27.99] (Just take me home)
[03:30.06] It's never felt this way before
[03:36.54] 
[04:27.46] Ooh
[04:36.15] Ooh
[04:44.51] Ooh
[04:52.97] Ooh
[05:00.81] Ooh
[05:13.62] 
2026-05-08T14:55:44,271 INFO     [lyrics.py:232] Attaching  lyrics to file.
2026-05-08T14:55:44,272 INFO     [lyrics.py:59] Track: Failure - Halo and Grain (Location Lost) (duration: 212.22)
2026-05-08T14:55:44,275 DEBUG    [connectionpool.py:1049] Starting new HTTPS connection (1): lrclib.net:443
2026-05-08T14:55:54,195 DEBUG    [connectionpool.py:544] https://lrclib.net:443 "GET /api/search?q=Halo+and+Grain+Failure+Location+Lost HTTP/1.1" 200 None
2026-05-08T14:55:54,196 DEBUG    [lyrics.py:202] params: {'q': 'Halo and Grain Failure Location Lost'}
2026-05-08T14:55:54,196 DEBUG    [lyrics.py:203] Number of results: 1
2026-05-08T14:55:54,196 INFO     [lyrics.py:136] Number of results: 1
2026-05-08T14:55:54,196 DEBUG    [lyrics.py:126] 	id: 33229703
2026-05-08T14:55:54,196 DEBUG    [lyrics.py:127] 	trackName: Halo and Grain
2026-05-08T14:55:54,196 DEBUG    [lyrics.py:128] 	artistName: Failure
2026-05-08T14:55:54,196 DEBUG    [lyrics.py:129] 	albumName: Location Lost
2026-05-08T14:55:54,196 DEBUG    [lyrics.py:130] 	duration: 212.0
2026-05-08T14:55:54,196 DEBUG    [lyrics.py:131] 	lyric_type exists: no
2026-05-08T14:55:54,197 INFO     [lyrics.py:106] Lyrics selected
2026-05-08T14:55:54,197 DEBUG    [lyrics.py:107] Ripped-up clouds, a jaw of sky
Clamping down behind your eyes
The cursor pins you to the screen
It's not a fate worth imagining

Gold pours through the heart
Your assassin hits restart
You glitter across tinfoil seas

I miss the halo and the grain
No one to man the eye
We used to flicker at the gate
And watch the cells fly by

You lost it all on the Blow Up green
A missing body for history
A diorama to simulate
I found your hair caught in the gate

Waves collapse again
Roll up your skeleton
Take the measurement of loss

I miss the radio and the sand
The threat b\u0435yond the sky
We nev\u0435r worried how to land
I don't remember being high

Waves collapse again
Roll up your skeleton
You glitter across tinfoil seas

I miss the halo and the grain
No one to man the eye
We used to flicker at the gate
And watch the cells fly by

I miss the radio and the sand
The threat beyond the sky
We never worried how to land
I don't remember being high
2026-05-08T14:55:54,197 INFO     [lyrics.py:232] Attaching  lyrics to file.
2026-05-08T14:55:54,198 INFO     [lyrics.py:59] Track: Failure - Someday Soon (Location Lost) (duration: 230.82)
2026-05-08T14:55:54,201 DEBUG    [connectionpool.py:1049] Starting new HTTPS connection (1): lrclib.net:443
2026-05-08T14:56:09,275 DEBUG    [connectionpool.py:544] https://lrclib.net:443 "GET /api/search?q=Someday+Soon+Failure+Location+Lost HTTP/1.1" 200 None
2026-05-08T14:56:09,275 DEBUG    [lyrics.py:202] params: {'q': 'Someday Soon Failure Location Lost'}
2026-05-08T14:56:09,275 DEBUG    [lyrics.py:203] Number of results: 1
2026-05-08T14:56:09,275 INFO     [lyrics.py:136] Number of results: 1
2026-05-08T14:56:09,275 DEBUG    [lyrics.py:126] 	id: 33196056
2026-05-08T14:56:09,275 DEBUG    [lyrics.py:127] 	trackName: Someday Soon
2026-05-08T14:56:09,275 DEBUG    [lyrics.py:128] 	artistName: Failure
2026-05-08T14:56:09,275 DEBUG    [lyrics.py:129] 	albumName: Location Lost
2026-05-08T14:56:09,276 DEBUG    [lyrics.py:130] 	duration: 231.0
2026-05-08T14:56:09,276 DEBUG    [lyrics.py:131] 	lyric_type exists: no
2026-05-08T14:56:09,277 INFO     [lyrics.py:106] Lyrics selected
2026-05-08T14:56:09,277 DEBUG    [lyrics.py:107] I saw you like a stranger talking
I listened with a stranger's eyes
The whispers gathered on the window
The violence poured across the sky

Someday soon you'll understand
Someday soon you'll understand

I saw you gesture like a vampire
You open up to empty wells
Foraging for any solace
Hollow veins and sleeping spells

Someday soon you'll understand
Someday soon you'll understand

After all the shaking is over
And the light is piercing through the cracks
The dust has caked inside your mouth
The screaming bees inside your head

Someday soon you'll understand
Someday soon you'll understand

Saw you gesture (Someday soon)
Like an empath (You'll understand)
Whispers gathered (Someday soon)
Under your spell (You'll understand)
Saw you gesture (Someday soon)
Like a vampire (You'll understand)
Victims gathered (Someday soon)
Under your spell
2026-05-08T14:56:09,277 INFO     [lyrics.py:232] Attaching  lyrics to file.
2026-05-08T14:56:09,278 INFO     [lyrics.py:59] Track: Failure - Location Lost (Location Lost) (duration: 221.39)
2026-05-08T14:56:09,279 DEBUG    [connectionpool.py:1049] Starting new HTTPS connection (1): lrclib.net:443
2026-05-08T14:56:18,110 DEBUG    [connectionpool.py:544] https://lrclib.net:443 "GET /api/search?q=Location+Lost+Failure+Location+Lost HTTP/1.1" 200 None
2026-05-08T14:56:18,110 DEBUG    [lyrics.py:202] params: {'q': 'Location Lost Failure Location Lost'}
2026-05-08T14:56:18,110 DEBUG    [lyrics.py:203] Number of results: 8
2026-05-08T14:56:18,110 INFO     [lyrics.py:136] Number of results: 8
2026-05-08T14:56:18,110 DEBUG    [lyrics.py:126] 	id: 33189182
2026-05-08T14:56:18,111 DEBUG    [lyrics.py:127] 	trackName: Location Lost
2026-05-08T14:56:18,111 DEBUG    [lyrics.py:128] 	artistName: Failure
2026-05-08T14:56:18,111 DEBUG    [lyrics.py:129] 	albumName: Location Lost
2026-05-08T14:56:18,111 DEBUG    [lyrics.py:130] 	duration: 221.0
2026-05-08T14:56:18,111 DEBUG    [lyrics.py:131] 	lyric_type exists: no
2026-05-08T14:56:18,111 DEBUG    [lyrics.py:126] 	id: 33189042
2026-05-08T14:56:18,111 DEBUG    [lyrics.py:127] 	trackName: Solid State
2026-05-08T14:56:18,111 DEBUG    [lyrics.py:128] 	artistName: Failure
2026-05-08T14:56:18,111 DEBUG    [lyrics.py:129] 	albumName: Location Lost
2026-05-08T14:56:18,111 DEBUG    [lyrics.py:130] 	duration: 274.0
2026-05-08T14:56:18,111 DEBUG    [lyrics.py:131] 	lyric_type exists: no
2026-05-08T14:56:18,111 DEBUG    [lyrics.py:126] 	id: 33196056
2026-05-08T14:56:18,111 DEBUG    [lyrics.py:127] 	trackName: Someday Soon
2026-05-08T14:56:18,111 DEBUG    [lyrics.py:128] 	artistName: Failure
2026-05-08T14:56:18,111 DEBUG    [lyrics.py:129] 	albumName: Location Lost
2026-05-08T14:56:18,111 DEBUG    [lyrics.py:130] 	duration: 231.0
2026-05-08T14:56:18,111 DEBUG    [lyrics.py:131] 	lyric_type exists: no
2026-05-08T14:56:18,111 DEBUG    [lyrics.py:126] 	id: 33196643
2026-05-08T14:56:18,111 DEBUG    [lyrics.py:127] 	trackName: Moonlight Understands
2026-05-08T14:56:18,111 DEBUG    [lyrics.py:128] 	artistName: Failure
2026-05-08T14:56:18,111 DEBUG    [lyrics.py:129] 	albumName: Location Lost
2026-05-08T14:56:18,112 DEBUG    [lyrics.py:130] 	duration: 239.0
2026-05-08T14:56:18,112 DEBUG    [lyrics.py:131] 	lyric_type exists: no
2026-05-08T14:56:18,112 DEBUG    [lyrics.py:126] 	id: 33174475
2026-05-08T14:56:18,112 DEBUG    [lyrics.py:127] 	trackName: The Rising Skyline
2026-05-08T14:56:18,112 DEBUG    [lyrics.py:128] 	artistName: Failure
2026-05-08T14:56:18,112 DEBUG    [lyrics.py:129] 	albumName: Location Lost
2026-05-08T14:56:18,112 DEBUG    [lyrics.py:130] 	duration: 273.0
2026-05-08T14:56:18,112 DEBUG    [lyrics.py:131] 	lyric_type exists: yes
2026-05-08T14:56:18,112 DEBUG    [lyrics.py:126] 	id: 33222689
2026-05-08T14:56:18,112 DEBUG    [lyrics.py:127] 	trackName: A Way Down
2026-05-08T14:56:18,112 DEBUG    [lyrics.py:128] 	artistName: Failure
2026-05-08T14:56:18,112 DEBUG    [lyrics.py:129] 	albumName: Location Lost
2026-05-08T14:56:18,112 DEBUG    [lyrics.py:130] 	duration: 276.0
2026-05-08T14:56:18,112 DEBUG    [lyrics.py:131] 	lyric_type exists: yes
2026-05-08T14:56:18,112 DEBUG    [lyrics.py:126] 	id: 33229703
2026-05-08T14:56:18,112 DEBUG    [lyrics.py:127] 	trackName: Halo and Grain
2026-05-08T14:56:18,112 DEBUG    [lyrics.py:128] 	artistName: Failure
2026-05-08T14:56:18,112 DEBUG    [lyrics.py:129] 	albumName: Location Lost
2026-05-08T14:56:18,112 DEBUG    [lyrics.py:130] 	duration: 212.0
2026-05-08T14:56:18,112 DEBUG    [lyrics.py:131] 	lyric_type exists: no
2026-05-08T14:56:18,112 DEBUG    [lyrics.py:126] 	id: 33192854
2026-05-08T14:56:18,112 DEBUG    [lyrics.py:127] 	trackName: The Air's on Fire
2026-05-08T14:56:18,112 DEBUG    [lyrics.py:128] 	artistName: Failure
2026-05-08T14:56:18,112 DEBUG    [lyrics.py:129] 	albumName: Location Lost
2026-05-08T14:56:18,112 DEBUG    [lyrics.py:130] 	duration: 316.0
2026-05-08T14:56:18,112 DEBUG    [lyrics.py:131] 	lyric_type exists: yes
2026-05-08T14:56:18,114 INFO     [lyrics.py:106] Lyrics selected
2026-05-08T14:56:18,114 DEBUG    [lyrics.py:107] Your life has been a voice
Droning in your head
When you turn it off
You feel like you're dead

There is no arc
Only this explosion
Memories slide off
The Continental

Ba-ba-ba-ba ba-ba
Location lost
Ba-ba-ba-ba ba-ba
In another

Fever or not here we are
Ready and or I need a rest
The nurse takes me out for a walk
Through the sunshine and bent back willows

Ba-ba-ba-ba ba-ba
Location lost
Ba-ba-ba-ba ba-ba
In another
Ba-ba-ba-ba ba-ba
Party called off
Ba-ba-ba-ba ba-ba
Find your cover

There is no arc
Only this explosion
Memories slide off
The Continental

Ba-ba-ba-ba ba-ba
Location lost
Ba-ba-ba-ba ba-ba
In another
Ba-ba-ba-ba ba-ba
Party called off
Ba-ba-ba-ba ba-ba
Find your cover

Ba-ba-ba-ba ba-ba
Ba-ba-ba-ba ba-ba
2026-05-08T14:56:18,114 INFO     [lyrics.py:232] Attaching  lyrics to file.
2026-05-08T14:56:18,116 INFO     [lyrics.py:59] Track: Failure - A Way Down (Location Lost) (duration: 276.09)
2026-05-08T14:56:18,117 DEBUG    [connectionpool.py:1049] Starting new HTTPS connection (1): lrclib.net:443
2026-05-08T14:56:28,861 DEBUG    [connectionpool.py:544] https://lrclib.net:443 "GET /api/search?q=A+Way+Down+Failure+Location+Lost HTTP/1.1" 200 None
2026-05-08T14:56:28,861 DEBUG    [lyrics.py:202] params: {'q': 'A Way Down Failure Location Lost'}
2026-05-08T14:56:28,861 DEBUG    [lyrics.py:203] Number of results: 1
2026-05-08T14:56:28,861 INFO     [lyrics.py:136] Number of results: 1
2026-05-08T14:56:28,861 DEBUG    [lyrics.py:126] 	id: 33222689
2026-05-08T14:56:28,861 DEBUG    [lyrics.py:127] 	trackName: A Way Down
2026-05-08T14:56:28,861 DEBUG    [lyrics.py:128] 	artistName: Failure
2026-05-08T14:56:28,862 DEBUG    [lyrics.py:129] 	albumName: Location Lost
2026-05-08T14:56:28,862 DEBUG    [lyrics.py:130] 	duration: 276.0
2026-05-08T14:56:28,862 DEBUG    [lyrics.py:131] 	lyric_type exists: yes
2026-05-08T14:56:28,863 INFO     [lyrics.py:106] Lyrics selected
2026-05-08T14:56:28,863 DEBUG    [lyrics.py:107] [00:20.19] Found my notes you left for me today (today)
[00:29.90] Underneath the songs you wouldn't play (play)
[00:39.79] Didn't know the waveforms were a code (a code)
[00:49.42] The chaos your mind could not unload (unload)
[00:59.43] I need to rearrange you
[01:09.19] Unhinge my mind to see through
[01:19.16] Reseat my spine and float out
[01:29.15] I need to find a way down
[01:48.51] Researched your willingness to bend (to bend)
[01:58.39] Reviewed your rules against revenge (revenge)
[02:07.73] Why are you looking at me like that?
[02:13.29] Turn around and leave while you can
[02:18.26] I'm getting a ride from my best friend (best friend)
[02:28.13] I need to rearrange you
[02:37.81] Unhinge my mind to see through
[02:47.82] Reseat my spine and float out
[02:57.60] I need to find a way down
[03:45.57] I need a way down
[03:50.66] I need a way down
[03:55.15] I need a way down
[04:00.22] I need a way down
[04:05.25] I need a way down
[04:10.11] I need a way down
[04:14.98] I need a way down
[04:20.06] I need a way down
[04:25.09] I need a way down
[04:30.14] I need a way down
[04:35.18] 
2026-05-08T14:56:28,863 INFO     [lyrics.py:232] Attaching  lyrics to file.
2026-05-08T14:56:28,864 INFO     [lyrics.py:59] Track: Failure - Moonlight Understands (Location Lost) (duration: 239.39)
2026-05-08T14:56:28,865 DEBUG    [connectionpool.py:1049] Starting new HTTPS connection (1): lrclib.net:443
2026-05-08T14:56:38,019 DEBUG    [connectionpool.py:544] https://lrclib.net:443 "GET /api/search?q=Moonlight+Understands+Failure+Location+Lost HTTP/1.1" 200 876
2026-05-08T14:56:38,020 DEBUG    [lyrics.py:202] params: {'q': 'Moonlight Understands Failure Location Lost'}
2026-05-08T14:56:38,020 DEBUG    [lyrics.py:203] Number of results: 1
2026-05-08T14:56:38,020 INFO     [lyrics.py:136] Number of results: 1
2026-05-08T14:56:38,020 DEBUG    [lyrics.py:126] 	id: 33196643
2026-05-08T14:56:38,020 DEBUG    [lyrics.py:127] 	trackName: Moonlight Understands
2026-05-08T14:56:38,020 DEBUG    [lyrics.py:128] 	artistName: Failure
2026-05-08T14:56:38,020 DEBUG    [lyrics.py:129] 	albumName: Location Lost
2026-05-08T14:56:38,020 DEBUG    [lyrics.py:130] 	duration: 239.0
2026-05-08T14:56:38,020 DEBUG    [lyrics.py:131] 	lyric_type exists: no
2026-05-08T14:56:38,021 INFO     [lyrics.py:106] Lyrics selected
2026-05-08T14:56:38,021 DEBUG    [lyrics.py:107] Flashlights over sand
Moonlight understands
A machine in place of a breathing girl
Footsteps over sand

Grasping in the dark
Hoping that you're far
Don't let me find you here
Not this day or year
Moonlight understands

Why are you here?
Why aren't you home?
Traps are overdone
Plans are overcome
Moon collect its toll
Oh, ooh

When I see your face
With that frozen stare
All of memories scraped
All the dreams never dared
A machine in place of a breathing girl
No feelings left to face
No stories left to make

Why are you here?
Why aren't you home?
Traps are overdone
Plans are overcome
Moon collect its toll
Oh, ooh
2026-05-08T14:56:38,021 INFO     [lyrics.py:232] Attaching  lyrics to file.
2026-05-08T14:56:38,022 INFO     [lyrics.py:59] Track: DJ Noriken & Massive New Krew - GOT TO PARTY (INFINITE) (duration: 169.17)
2026-05-08T14:56:38,024 DEBUG    [connectionpool.py:1049] Starting new HTTPS connection (1): lrclib.net:443
2026-05-08T14:56:51,830 DEBUG    [connectionpool.py:544] https://lrclib.net:443 "GET /api/search?q=GOT+TO+PARTY+Massive+New+Krew+INFINITE HTTP/1.1" 200 2
2026-05-08T14:56:51,831 DEBUG    [lyrics.py:202] params: {'q': 'GOT TO PARTY Massive New Krew INFINITE'}
2026-05-08T14:56:51,831 DEBUG    [lyrics.py:203] Number of results: 0
2026-05-08T14:56:51,831 INFO     [lyrics.py:112] No lyrics selected
2026-05-08T14:56:51,831 INFO     [lyrics.py:232] Attaching empty lyrics to file.
2026-05-08T14:56:51,833 INFO     [lyrics.py:59] Track: aran vs Massive New Krew - THE ULTIMACY (INFINITE) (duration: 148.3)
2026-05-08T14:56:51,835 DEBUG    [connectionpool.py:1049] Starting new HTTPS connection (1): lrclib.net:443
2026-05-08T14:57:02,838 DEBUG    [connectionpool.py:544] https://lrclib.net:443 "GET /api/search?q=THE+ULTIMACY+aran+INFINITE HTTP/1.1" 200 2
2026-05-08T14:57:02,838 DEBUG    [lyrics.py:202] params: {'q': 'THE ULTIMACY aran INFINITE'}
2026-05-08T14:57:02,838 DEBUG    [lyrics.py:203] Number of results: 0
2026-05-08T14:57:02,838 INFO     [lyrics.py:112] No lyrics selected
2026-05-08T14:57:02,838 INFO     [lyrics.py:232] Attaching empty lyrics to file.
2026-05-08T14:57:02,841 INFO     [lyrics.py:59] Track: Massive New Krew - Headshot (INFINITE) (duration: 147.15)
2026-05-08T14:57:02,842 DEBUG    [connectionpool.py:1049] Starting new HTTPS connection (1): lrclib.net:443
2026-05-08T14:57:11,720 DEBUG    [connectionpool.py:544] https://lrclib.net:443 "GET /api/search?q=Headshot+Massive+New+Krew+INFINITE HTTP/1.1" 200 2
2026-05-08T14:57:11,720 DEBUG    [lyrics.py:202] params: {'q': 'Headshot Massive New Krew INFINITE'}
2026-05-08T14:57:11,720 DEBUG    [lyrics.py:203] Number of results: 0
2026-05-08T14:57:11,720 INFO     [lyrics.py:112] No lyrics selected
2026-05-08T14:57:11,720 INFO     [lyrics.py:232] Attaching empty lyrics to file.
2026-05-08T14:57:11,723 INFO     [lyrics.py:59] Track: Massive New Krew - Rave All Night (INFINITE) (duration: 139.91)
2026-05-08T14:57:11,725 DEBUG    [connectionpool.py:1049] Starting new HTTPS connection (1): lrclib.net:443
2026-05-08T14:57:22,992 DEBUG    [connectionpool.py:544] https://lrclib.net:443 "GET /api/search?q=Rave+All+Night+Massive+New+Krew+INFINITE HTTP/1.1" 200 2
2026-05-08T14:57:22,992 DEBUG    [lyrics.py:202] params: {'q': 'Rave All Night Massive New Krew INFINITE'}
2026-05-08T14:57:22,992 DEBUG    [lyrics.py:203] Number of results: 0
2026-05-08T14:57:22,992 INFO     [lyrics.py:112] No lyrics selected
2026-05-08T14:57:22,993 INFO     [lyrics.py:232] Attaching empty lyrics to file.
2026-05-08T14:57:22,994 INFO     [lyrics.py:59] Track: Massive New Krew - Turn It Up (INFINITE) (duration: 214.05)
2026-05-08T14:57:22,996 DEBUG    [connectionpool.py:1049] Starting new HTTPS connection (1): lrclib.net:443
2026-05-08T14:57:31,246 DEBUG    [connectionpool.py:544] https://lrclib.net:443 "GET /api/search?q=Turn+It+Up+Massive+New+Krew+INFINITE HTTP/1.1" 200 2
2026-05-08T14:57:31,247 DEBUG    [lyrics.py:202] params: {'q': 'Turn It Up Massive New Krew INFINITE'}
2026-05-08T14:57:31,247 DEBUG    [lyrics.py:203] Number of results: 0
2026-05-08T14:57:31,247 INFO     [lyrics.py:112] No lyrics selected
2026-05-08T14:57:31,247 INFO     [lyrics.py:232] Attaching empty lyrics to file.
2026-05-08T14:57:31,249 INFO     [lyrics.py:59] Track: Massive New Krew - Waste (INFINITE) (duration: 163.92)
2026-05-08T14:57:31,251 DEBUG    [connectionpool.py:1049] Starting new HTTPS connection (1): lrclib.net:443
2026-05-08T14:57:38,992 DEBUG    [connectionpool.py:544] https://lrclib.net:443 "GET /api/search?q=Waste+Massive+New+Krew+INFINITE HTTP/1.1" 200 2
2026-05-08T14:57:38,992 DEBUG    [lyrics.py:202] params: {'q': 'Waste Massive New Krew INFINITE'}
2026-05-08T14:57:38,993 DEBUG    [lyrics.py:203] Number of results: 0
2026-05-08T14:57:38,993 INFO     [lyrics.py:112] No lyrics selected
2026-05-08T14:57:38,993 INFO     [lyrics.py:232] Attaching empty lyrics to file.
2026-05-08T14:57:38,995 INFO     [lyrics.py:59] Track: Massive New Krew - Feel the Bass (INFINITE) (duration: 217.21)
2026-05-08T14:57:38,997 DEBUG    [connectionpool.py:1049] Starting new HTTPS connection (1): lrclib.net:443
2026-05-08T14:57:47,552 DEBUG    [connectionpool.py:544] https://lrclib.net:443 "GET /api/search?q=Feel+the+Bass+Massive+New+Krew+INFINITE HTTP/1.1" 200 2
2026-05-08T14:57:47,553 DEBUG    [lyrics.py:202] params: {'q': 'Feel the Bass Massive New Krew INFINITE'}
2026-05-08T14:57:47,553 DEBUG    [lyrics.py:203] Number of results: 0
2026-05-08T14:57:47,553 INFO     [lyrics.py:112] No lyrics selected
2026-05-08T14:57:47,553 INFO     [lyrics.py:232] Attaching empty lyrics to file.
2026-05-08T14:57:47,555 INFO     [lyrics.py:59] Track: Massive New Krew - Big Bang (INFINITE) (duration: 136.54)
2026-05-08T14:57:47,556 DEBUG    [connectionpool.py:1049] Starting new HTTPS connection (1): lrclib.net:443
2026-05-08T14:57:57,962 DEBUG    [connectionpool.py:544] https://lrclib.net:443 "GET /api/search?q=Big+Bang+Massive+New+Krew+INFINITE HTTP/1.1" 200 2
2026-05-08T14:57:57,962 DEBUG    [lyrics.py:202] params: {'q': 'Big Bang Massive New Krew INFINITE'}
2026-05-08T14:57:57,962 DEBUG    [lyrics.py:203] Number of results: 0
2026-05-08T14:57:57,962 INFO     [lyrics.py:112] No lyrics selected
2026-05-08T14:57:57,962 INFO     [lyrics.py:232] Attaching empty lyrics to file.
2026-05-08T14:57:57,965 INFO     [lyrics.py:59] Track: Massive New Krew feat. Takenobu Mitsuyoshi - Trust (INFINITE) (duration: 236.93)
2026-05-08T14:57:57,966 DEBUG    [connectionpool.py:1049] Starting new HTTPS connection (1): lrclib.net:443
2026-05-08T14:58:06,881 DEBUG    [connectionpool.py:544] https://lrclib.net:443 "GET /api/search?q=Trust+Massive+New+Krew+INFINITE HTTP/1.1" 200 2
2026-05-08T14:58:06,881 DEBUG    [lyrics.py:202] params: {'q': 'Trust Massive New Krew INFINITE'}
2026-05-08T14:58:06,881 DEBUG    [lyrics.py:203] Number of results: 0
2026-05-08T14:58:06,881 INFO     [lyrics.py:112] No lyrics selected
2026-05-08T14:58:06,881 INFO     [lyrics.py:232] Attaching empty lyrics to file.
2026-05-08T14:58:06,883 INFO     [lyrics.py:59] Track: Massive New Krew - Drive Impact (INFINITE) (duration: 147.91)
2026-05-08T14:58:06,886 DEBUG    [connectionpool.py:1049] Starting new HTTPS connection (1): lrclib.net:443
2026-05-08T14:58:16,451 DEBUG    [connectionpool.py:544] https://lrclib.net:443 "GET /api/search?q=Drive+Impact+Massive+New+Krew+INFINITE HTTP/1.1" 200 2
2026-05-08T14:58:16,452 DEBUG    [lyrics.py:202] params: {'q': 'Drive Impact Massive New Krew INFINITE'}
2026-05-08T14:58:16,452 DEBUG    [lyrics.py:203] Number of results: 0
2026-05-08T14:58:16,452 INFO     [lyrics.py:112] No lyrics selected
2026-05-08T14:58:16,452 INFO     [lyrics.py:232] Attaching empty lyrics to file.
2026-05-08T14:58:16,453 INFO     [lyrics.py:59] Track: Massive New Krew - \u8d85MANJI\u30e9\u30c3\u30b7\u30e5 (INFINITE) (duration: 130.48)
2026-05-08T14:58:16,455 DEBUG    [connectionpool.py:1049] Starting new HTTPS connection (1): lrclib.net:443
2026-05-08T14:58:25,870 DEBUG    [connectionpool.py:544] https://lrclib.net:443 "GET /api/search?q=%E8%B6%85MANJI%E3%83%A9%E3%83%83%E3%82%B7%E3%83%A5+Massive+New+Krew+INFINITE HTTP/1.1" 200 2
2026-05-08T14:58:25,871 DEBUG    [lyrics.py:202] params: {'q': '\u8d85MANJI\u30e9\u30c3\u30b7\u30e5 Massive New Krew INFINITE'}
2026-05-08T14:58:25,871 DEBUG    [lyrics.py:203] Number of results: 0
2026-05-08T14:58:25,871 INFO     [lyrics.py:112] No lyrics selected
2026-05-08T14:58:25,871 INFO     [lyrics.py:232] Attaching empty lyrics to file.
2026-05-08T14:58:25,873 INFO     [lyrics.py:59] Track: Massive New Krew - Tonight (INFINITE) (duration: 187.77)
2026-05-08T14:58:25,875 DEBUG    [connectionpool.py:1049] Starting new HTTPS connection (1): lrclib.net:443
2026-05-08T14:58:35,156 DEBUG    [connectionpool.py:544] https://lrclib.net:443 "GET /api/search?q=Tonight+Massive+New+Krew+INFINITE HTTP/1.1" 200 2
2026-05-08T14:58:35,157 DEBUG    [lyrics.py:202] params: {'q': 'Tonight Massive New Krew INFINITE'}
2026-05-08T14:58:35,157 DEBUG    [lyrics.py:203] Number of results: 0
2026-05-08T14:58:35,157 INFO     [lyrics.py:112] No lyrics selected
2026-05-08T14:58:35,157 INFO     [lyrics.py:232] Attaching empty lyrics to file.
2026-05-08T14:58:35,159 INFO     [lyrics.py:59] Track: t+pazolite - Intro - patch your memories (OMOIDE Patchwork) (duration: 75.91)
2026-05-08T14:58:35,160 DEBUG    [connectionpool.py:1049] Starting new HTTPS connection (1): lrclib.net:443
2026-05-08T14:58:44,211 DEBUG    [connectionpool.py:544] https://lrclib.net:443 "GET /api/search?q=Intro+-+patch+your+memories+t%2Bpazolite+OMOIDE+Patchwork HTTP/1.1" 200 2
2026-05-08T14:58:44,211 DEBUG    [lyrics.py:202] params: {'q': 'Intro - patch your memories t+pazolite OMOIDE Patchwork'}
2026-05-08T14:58:44,211 DEBUG    [lyrics.py:203] Number of results: 0
2026-05-08T14:58:44,211 INFO     [lyrics.py:112] No lyrics selected
2026-05-08T14:58:44,211 INFO     [lyrics.py:232] Attaching empty lyrics to file.
2026-05-08T14:58:44,213 INFO     [lyrics.py:59] Track: t+pazolite & Mitsukiyo feat. Nanahira - \u30aa\u30e2\u30a4\u30c7\u30fb\u30d1\u30c3\u30c1\u30ef\u30fc\u30af\u30fb\u30b5\u30fc\u30d3\u30b9 (OMOIDE Patchwork) (duration: 164.15)
2026-05-08T14:58:44,214 DEBUG    [connectionpool.py:1049] Starting new HTTPS connection (1): lrclib.net:443
2026-05-08T14:58:53,345 DEBUG    [connectionpool.py:544] https://lrclib.net:443 "GET /api/search?q=%E3%82%AA%E3%83%A2%E3%82%A4%E3%83%87%E3%83%BB%E3%83%91%E3%83%83%E3%83%81%E3%83%AF%E3%83%BC%E3%82%AF%E3%83%BB%E3%82%B5%E3%83%BC%E3%83%93%E3%82%B9+t%2Bpazolite+OMOIDE+Patchwork HTTP/1.1" 200 2
2026-05-08T14:58:53,347 DEBUG    [lyrics.py:202] params: {'q': '\u30aa\u30e2\u30a4\u30c7\u30fb\u30d1\u30c3\u30c1\u30ef\u30fc\u30af\u30fb\u30b5\u30fc\u30d3\u30b9 t+pazolite OMOIDE Patchwork'}
2026-05-08T14:58:53,347 DEBUG    [lyrics.py:203] Number of results: 0
2026-05-08T14:58:53,347 INFO     [lyrics.py:112] No lyrics selected
2026-05-08T14:58:53,347 INFO     [lyrics.py:232] Attaching empty lyrics to file.
2026-05-08T14:58:53,350 INFO     [lyrics.py:59] Track: t+pazolite - \u30ab\u30aa\u30b9\u30bf\u30a4\u30e0 the DARK (ver.OPW) (OMOIDE Patchwork) (duration: 207.78)
2026-05-08T14:58:53,351 DEBUG    [connectionpool.py:1049] Starting new HTTPS connection (1): lrclib.net:443
2026-05-08T14:59:01,765 DEBUG    [connectionpool.py:544] https://lrclib.net:443 "GET /api/search?q=%E3%82%AB%E3%82%AA%E3%82%B9%E3%82%BF%E3%82%A4%E3%83%A0+the+DARK+%28ver.OPW%29+t%2Bpazolite+OMOIDE+Patchwork HTTP/1.1" 200 2
2026-05-08T14:59:01,765 DEBUG    [lyrics.py:202] params: {'q': '\u30ab\u30aa\u30b9\u30bf\u30a4\u30e0 the DARK (ver.OPW) t+pazolite OMOIDE Patchwork'}
2026-05-08T14:59:01,765 DEBUG    [lyrics.py:203] Number of results: 0
2026-05-08T14:59:01,765 INFO     [lyrics.py:112] No lyrics selected
2026-05-08T14:59:01,765 INFO     [lyrics.py:232] Attaching empty lyrics to file.
2026-05-08T14:59:01,767 INFO     [lyrics.py:59] Track: t+pazolite - Noncount Vibes (OMOIDE Patchwork) (duration: 175.67)
2026-05-08T14:59:01,769 DEBUG    [connectionpool.py:1049] Starting new HTTPS connection (1): lrclib.net:443
2026-05-08T14:59:10,305 DEBUG    [connectionpool.py:544] https://lrclib.net:443 "GET /api/search?q=Noncount+Vibes+t%2Bpazolite+OMOIDE+Patchwork HTTP/1.1" 200 2
2026-05-08T14:59:10,305 DEBUG    [lyrics.py:202] params: {'q': 'Noncount Vibes t+pazolite OMOIDE Patchwork'}
2026-05-08T14:59:10,306 DEBUG    [lyrics.py:203] Number of results: 0
2026-05-08T14:59:10,306 INFO     [lyrics.py:112] No lyrics selected
2026-05-08T14:59:10,306 INFO     [lyrics.py:232] Attaching empty lyrics to file.
2026-05-08T14:59:10,307 INFO     [lyrics.py:59] Track: t+pazolite - Flashback Flicker (ver.OPW) (OMOIDE Patchwork) (duration: 238.29)
2026-05-08T14:59:10,309 DEBUG    [connectionpool.py:1049] Starting new HTTPS connection (1): lrclib.net:443
2026-05-08T14:59:18,855 DEBUG    [connectionpool.py:544] https://lrclib.net:443 "GET /api/search?q=Flashback+Flicker+%28ver.OPW%29+t%2Bpazolite+OMOIDE+Patchwork HTTP/1.1" 200 2
2026-05-08T14:59:18,856 DEBUG    [lyrics.py:202] params: {'q': 'Flashback Flicker (ver.OPW) t+pazolite OMOIDE Patchwork'}
2026-05-08T14:59:18,856 DEBUG    [lyrics.py:203] Number of results: 0
2026-05-08T14:59:18,856 INFO     [lyrics.py:112] No lyrics selected
2026-05-08T14:59:18,856 INFO     [lyrics.py:232] Attaching empty lyrics to file.
2026-05-08T14:59:18,858 INFO     [lyrics.py:59] Track: t+pazolite - !!! - Exclaclaclamation (OMOIDE Patchwork) (duration: 192.03)
2026-05-08T14:59:18,860 DEBUG    [connectionpool.py:1049] Starting new HTTPS connection (1): lrclib.net:443
2026-05-08T14:59:34,149 DEBUG    [connectionpool.py:544] https://lrclib.net:443 "GET /api/search?q=%21%21%21+-+Exclaclaclamation+t%2Bpazolite+OMOIDE+Patchwork HTTP/1.1" 200 2
2026-05-08T14:59:34,149 DEBUG    [lyrics.py:202] params: {'q': '!!! - Exclaclaclamation t+pazolite OMOIDE Patchwork'}
2026-05-08T14:59:34,149 DEBUG    [lyrics.py:203] Number of results: 0
2026-05-08T14:59:34,149 INFO     [lyrics.py:112] No lyrics selected
2026-05-08T14:59:34,149 INFO     [lyrics.py:232] Attaching empty lyrics to file.
2026-05-08T14:59:34,152 INFO     [lyrics.py:59] Track: t+pazolite - ma[\u03c7]zo (ver. OPW) (OMOIDE Patchwork) (duration: 222.04)
2026-05-08T14:59:34,154 DEBUG    [connectionpool.py:1049] Starting new HTTPS connection (1): lrclib.net:443
2026-05-08T15:00:36,842 DEBUG    [connectionpool.py:544] https://lrclib.net:443 "GET /api/search?q=ma%5B%CF%87%5Dzo+%28ver.+OPW%29+t%2Bpazolite+OMOIDE+Patchwork HTTP/1.1" 504 167
2026-05-08T15:03:16,638 DEBUG    [api.py:721] Encoding detection: ascii is most likely the one.
2026-05-08T15:03:35,273 ERROR    [lyrics.py:221] Invalid response from LRCLIB:
2026-05-08T15:03:35,573 ERROR    [lyrics.py:222] status code: 504
2026-05-08T15:03:35,855 ERROR    [lyrics.py:223] content-type: text/html
2026-05-08T15:03:36,186 ERROR    [lyrics.py:119] 
2026-05-08T15:05:31,407 INFO     [utils.py:150] Begin logging.
2026-05-08T15:05:31,408 DEBUG    [lyrics.py:266] <__main__.fake_args object at 0x00000217570CD7C0>
2026-05-08T15:05:35,154 INFO     [lyrics.py:59] Track: Failure - Crash Test Delayed (Location Lost) (duration: 335.05)
2026-05-08T15:05:35,155 INFO     [lyrics.py:74] Lyrics already embedded in file
2026-05-08T15:05:35,155 DEBUG    [lyrics.py:75] 
2026-05-08T15:05:35,162 DEBUG    [connectionpool.py:1049] Starting new HTTPS connection (1): lrclib.net:443
2026-05-08T15:06:36,837 DEBUG    [connectionpool.py:544] https://lrclib.net:443 "GET /api/search?q=Crash+Test+Delayed+Failure+Location+Lost HTTP/1.1" 504 167
2026-05-08T15:07:41,553 DEBUG    [api.py:721] Encoding detection: ascii is most likely the one.
2026-05-08T15:07:50,809 INFO     [utils.py:150] Begin logging.
2026-05-08T15:07:50,810 DEBUG    [lyrics.py:266] <__main__.fake_args object at 0x000002CE6EA5D790>
2026-05-08T15:07:51,027 INFO     [lyrics.py:59] Track: Failure - Crash Test Delayed (Location Lost) (duration: 335.05)
2026-05-08T15:07:57,123 INFO     [lyrics.py:74] Lyrics already embedded in file
2026-05-08T15:07:57,927 DEBUG    [lyrics.py:75] 
2026-05-08T15:08:27,523 INFO     [utils.py:150] Begin logging.
2026-05-08T15:08:27,524 DEBUG    [lyrics.py:266] <__main__.fake_args object at 0x000001779D9D2540>
2026-05-08T15:08:27,744 INFO     [lyrics.py:59] Track: Failure - Crash Test Delayed (Location Lost) (duration: 335.05)
2026-05-08T15:08:31,105 INFO     [lyrics.py:74] Lyrics already embedded in file
2026-05-08T15:08:31,296 DEBUG    [lyrics.py:75] 
2026-05-08T15:08:52,564 INFO     [utils.py:150] Begin logging.
2026-05-08T15:08:52,564 DEBUG    [lyrics.py:266] <__main__.fake_args object at 0x000001D3DFBDDFA0>
2026-05-08T15:08:52,785 INFO     [lyrics.py:59] Track: Failure - Crash Test Delayed (Location Lost) (duration: 335.05)
2026-05-08T15:08:58,543 INFO     [lyrics.py:74] Lyrics already embedded in file
2026-05-08T15:08:58,657 DEBUG    [lyrics.py:75] 
2026-05-08T15:09:10,368 INFO     [utils.py:150] Begin logging.
2026-05-08T15:09:10,369 DEBUG    [lyrics.py:266] <__main__.fake_args object at 0x000002005594E1E0>
2026-05-08T15:09:10,608 INFO     [lyrics.py:59] Track: Failure - Crash Test Delayed (Location Lost) (duration: 335.05)
2026-05-08T15:09:11,857 INFO     [lyrics.py:74] Lyrics already embedded in file
2026-05-08T15:09:11,979 DEBUG    [lyrics.py:75] 
2026-05-08T15:09:16,476 INFO     [lyrics.py:112] No lyrics selected
2026-05-08T15:09:16,477 INFO     [lyrics.py:232] Attaching empty lyrics to file.
2026-05-08T15:09:16,479 INFO     [lyrics.py:59] Track: Failure & Hayley Williams - The Rising Skyline (Location Lost) (duration: 272.82)
2026-05-08T15:09:17,753 DEBUG    [connectionpool.py:1049] Starting new HTTPS connection (1): lrclib.net:443
2026-05-08T15:09:30,526 DEBUG    [connectionpool.py:544] https://lrclib.net:443 "GET /api/search?q=The+Rising+Skyline+Failure+Location+Lost HTTP/1.1" 200 None
2026-05-08T15:09:30,529 DEBUG    [lyrics.py:202] params: {'q': 'The Rising Skyline Failure Location Lost'}
2026-05-08T15:09:30,529 DEBUG    [lyrics.py:203] Number of results: 1
2026-05-08T15:09:36,913 INFO     [lyrics.py:106] Lyrics selected
2026-05-08T15:09:36,913 DEBUG    [lyrics.py:107] [01:01.14] The shape of your subtle grin
[01:07.90] Refill the memory, no medicine
[01:14.66] The way you held your lighter
[01:22.39] Think back to it all, no consequence
[01:34.87] Now you're untethered
[01:41.79] Check the box unhoused
[01:49.44] Stand in the driveway
[01:57.21] Feet leave the ground
[02:16.32] The smell of the desert wind
[02:22.80] Unsure what's living beneath your skin
[02:29.52] The way you pulled the trigger
[02:37.73] So long ago, no prejudice
[02:49.80] Now you're untethered
[02:57.33] Check the box unhoused
[03:04.55] Stand in the driveway
[03:11.81] Feet leave the ground
[03:38.53] Hold onto the rising skyline
[03:49.63] Hold onto the rising skyline
[04:02.96] 
2026-05-08T15:09:36,913 INFO     [lyrics.py:232] Attaching  lyrics to file.
2026-05-08T15:09:36,914 INFO     [lyrics.py:59] Track: Failure - Solid State (Location Lost) (duration: 273.55)
2026-05-08T15:09:39,792 INFO     [lyrics.py:74] Lyrics already embedded in file
2026-05-08T15:09:39,793 DEBUG    [lyrics.py:75] I sent you sugar, stolen from the other side
Another tin can dream whistles by
"We correlate", you say beyond the speed of light
But you can never be free from what you hide

There's something out of place
You'll never see the shape I'm in
I crossed the solid state
Dropped a memory to break the skin

We're sliding off the edge of daylight
Falling was so easy for you
Bleeding off the frames of human time
We'r\u0435 stalling at the edge of th\u0435 truth

There's nothing left to do but fall through space
Another body waits to take your place
This action grows stranger every day
Your mind gets clearer as I float further away

There's something out of place
They'll never see the shape we're in
We crossed the solid state
Left a memory to break the skin

We're sliding off the edge of daylight
Falling was so easy for you
Bleeding off the frames of human time
We're stalling at the edge of the truth
2026-05-08T15:09:39,793 INFO     [lyrics.py:106] Lyrics selected
2026-05-08T15:09:39,793 DEBUG    [lyrics.py:107] I sent you sugar, stolen from the other side
Another tin can dream whistles by
"We correlate", you say beyond the speed of light
But you can never be free from what you hide

There's something out of place
You'll never see the shape I'm in
I crossed the solid state
Dropped a memory to break the skin

We're sliding off the edge of daylight
Falling was so easy for you
Bleeding off the frames of human time
We'r\u0435 stalling at the edge of th\u0435 truth

There's nothing left to do but fall through space
Another body waits to take your place
This action grows stranger every day
Your mind gets clearer as I float further away

There's something out of place
They'll never see the shape we're in
We crossed the solid state
Left a memory to break the skin

We're sliding off the edge of daylight
Falling was so easy for you
Bleeding off the frames of human time
We're stalling at the edge of the truth
2026-05-08T15:09:39,793 INFO     [lyrics.py:232] Attaching  lyrics to file.
2026-05-08T15:09:39,795 INFO     [lyrics.py:59] Track: Failure - The Air's on Fire (Location Lost) (duration: 315.82)
2026-05-08T15:09:39,795 INFO     [lyrics.py:74] Lyrics already embedded in file
2026-05-08T15:09:39,795 DEBUG    [lyrics.py:75] [00:17.43] Ooh
[00:25.42] Ooh
[00:34.38] Try breathing in 'til the red light's off
[00:38.48] But the room's not still, the room's not still
[00:42.74] Now lean over for a quick blood draw
[00:46.97] But the air's on fire, the air's on fire
[00:51.15] (Ooh)
[00:55.34] But the room's not still, the room's not still
[00:59.41] (Ooh)
[01:03.66] But the air's on fire, the air's on fire
[01:14.02] Just take me home
[01:24.58] It's never felt this way before
[01:30.93] (Just take me home)
[01:32.89] Things don't work like they did before
[01:40.82] Feel them turn you inside out
[01:44.55] As the spiders are crawling down
[01:47.72] (Just take me home)
[01:49.62] It's never felt this way before
[01:57.46] Ooh
[02:05.87] Ooh
[02:14.16] Try giving up and letting it go
[02:18.52] But the room's gone dark, the room's gone dark
[02:22.98] The less you know, the better you hope
[02:27.12] The hands are cold, the legs are numb
[02:31.19] Open up your eyes, look straight
[02:35.54] But I can't see or hear a thing
[02:39.42] We tripped the beat a little too late
[02:43.37] But the air's on fire, the air's on fire
[02:53.99] Just take me home
[03:04.41] It's never felt this way before
[03:11.21] (Just take me home)
[03:13.03] Things don't work like they did before
[03:20.72] Feel them turn you inside out
[03:24.71] As the spiders are crawling down
[03:27.99] (Just take me home)
[03:30.06] It's never felt this way before
[03:36.54] 
[04:27.46] Ooh
[04:36.15] Ooh
[04:44.51] Ooh
[04:52.97] Ooh
[05:00.81] Ooh
[05:13.62] 
2026-05-08T15:09:39,795 INFO     [lyrics.py:106] Lyrics selected
2026-05-08T15:09:39,795 DEBUG    [lyrics.py:107] [00:17.43] Ooh
[00:25.42] Ooh
[00:34.38] Try breathing in 'til the red light's off
[00:38.48] But the room's not still, the room's not still
[00:42.74] Now lean over for a quick blood draw
[00:46.97] But the air's on fire, the air's on fire
[00:51.15] (Ooh)
[00:55.34] But the room's not still, the room's not still
[00:59.41] (Ooh)
[01:03.66] But the air's on fire, the air's on fire
[01:14.02] Just take me home
[01:24.58] It's never felt this way before
[01:30.93] (Just take me home)
[01:32.89] Things don't work like they did before
[01:40.82] Feel them turn you inside out
[01:44.55] As the spiders are crawling down
[01:47.72] (Just take me home)
[01:49.62] It's never felt this way before
[01:57.46] Ooh
[02:05.87] Ooh
[02:14.16] Try giving up and letting it go
[02:18.52] But the room's gone dark, the room's gone dark
[02:22.98] The less you know, the better you hope
[02:27.12] The hands are cold, the legs are numb
[02:31.19] Open up your eyes, look straight
[02:35.54] But I can't see or hear a thing
[02:39.42] We tripped the beat a little too late
[02:43.37] But the air's on fire, the air's on fire
[02:53.99] Just take me home
[03:04.41] It's never felt this way before
[03:11.21] (Just take me home)
[03:13.03] Things don't work like they did before
[03:20.72] Feel them turn you inside out
[03:24.71] As the spiders are crawling down
[03:27.99] (Just take me home)
[03:30.06] It's never felt this way before
[03:36.54] 
[04:27.46] Ooh
[04:36.15] Ooh
[04:44.51] Ooh
[04:52.97] Ooh
[05:00.81] Ooh
[05:13.62] 
2026-05-08T15:09:39,795 INFO     [lyrics.py:232] Attaching  lyrics to file.
2026-05-08T15:09:39,796 INFO     [lyrics.py:59] Track: Failure - Halo and Grain (Location Lost) (duration: 212.22)
2026-05-08T15:09:39,796 INFO     [lyrics.py:74] Lyrics already embedded in file
2026-05-08T15:09:39,796 DEBUG    [lyrics.py:75] Ripped-up clouds, a jaw of sky
Clamping down behind your eyes
The cursor pins you to the screen
It's not a fate worth imagining

Gold pours through the heart
Your assassin hits restart
You glitter across tinfoil seas

I miss the halo and the grain
No one to man the eye
We used to flicker at the gate
And watch the cells fly by

You lost it all on the Blow Up green
A missing body for history
A diorama to simulate
I found your hair caught in the gate

Waves collapse again
Roll up your skeleton
Take the measurement of loss

I miss the radio and the sand
The threat b\u0435yond the sky
We nev\u0435r worried how to land
I don't remember being high

Waves collapse again
Roll up your skeleton
You glitter across tinfoil seas

I miss the halo and the grain
No one to man the eye
We used to flicker at the gate
And watch the cells fly by

I miss the radio and the sand
The threat beyond the sky
We never worried how to land
I don't remember being high
2026-05-08T15:09:39,796 INFO     [lyrics.py:106] Lyrics selected
2026-05-08T15:09:39,796 DEBUG    [lyrics.py:107] Ripped-up clouds, a jaw of sky
Clamping down behind your eyes
The cursor pins you to the screen
It's not a fate worth imagining

Gold pours through the heart
Your assassin hits restart
You glitter across tinfoil seas

I miss the halo and the grain
No one to man the eye
We used to flicker at the gate
And watch the cells fly by

You lost it all on the Blow Up green
A missing body for history
A diorama to simulate
I found your hair caught in the gate

Waves collapse again
Roll up your skeleton
Take the measurement of loss

I miss the radio and the sand
The threat b\u0435yond the sky
We nev\u0435r worried how to land
I don't remember being high

Waves collapse again
Roll up your skeleton
You glitter across tinfoil seas

I miss the halo and the grain
No one to man the eye
We used to flicker at the gate
And watch the cells fly by

I miss the radio and the sand
The threat beyond the sky
We never worried how to land
I don't remember being high
2026-05-08T15:09:39,796 INFO     [lyrics.py:232] Attaching  lyrics to file.
2026-05-08T15:09:39,797 INFO     [lyrics.py:59] Track: Failure - Someday Soon (Location Lost) (duration: 230.82)
2026-05-08T15:09:39,797 INFO     [lyrics.py:74] Lyrics already embedded in file
2026-05-08T15:09:39,797 DEBUG    [lyrics.py:75] I saw you like a stranger talking
I listened with a stranger's eyes
The whispers gathered on the window
The violence poured across the sky

Someday soon you'll understand
Someday soon you'll understand

I saw you gesture like a vampire
You open up to empty wells
Foraging for any solace
Hollow veins and sleeping spells

Someday soon you'll understand
Someday soon you'll understand

After all the shaking is over
And the light is piercing through the cracks
The dust has caked inside your mouth
The screaming bees inside your head

Someday soon you'll understand
Someday soon you'll understand

Saw you gesture (Someday soon)
Like an empath (You'll understand)
Whispers gathered (Someday soon)
Under your spell (You'll understand)
Saw you gesture (Someday soon)
Like a vampire (You'll understand)
Victims gathered (Someday soon)
Under your spell
2026-05-08T15:09:39,797 INFO     [lyrics.py:106] Lyrics selected
2026-05-08T15:09:39,797 DEBUG    [lyrics.py:107] I saw you like a stranger talking
I listened with a stranger's eyes
The whispers gathered on the window
The violence poured across the sky

Someday soon you'll understand
Someday soon you'll understand

I saw you gesture like a vampire
You open up to empty wells
Foraging for any solace
Hollow veins and sleeping spells

Someday soon you'll understand
Someday soon you'll understand

After all the shaking is over
And the light is piercing through the cracks
The dust has caked inside your mouth
The screaming bees inside your head

Someday soon you'll understand
Someday soon you'll understand

Saw you gesture (Someday soon)
Like an empath (You'll understand)
Whispers gathered (Someday soon)
Under your spell (You'll understand)
Saw you gesture (Someday soon)
Like a vampire (You'll understand)
Victims gathered (Someday soon)
Under your spell
2026-05-08T15:09:39,797 INFO     [lyrics.py:232] Attaching  lyrics to file.
2026-05-08T15:09:39,798 INFO     [lyrics.py:59] Track: Failure - Location Lost (Location Lost) (duration: 221.39)
2026-05-08T15:09:39,798 INFO     [lyrics.py:74] Lyrics already embedded in file
2026-05-08T15:09:39,798 DEBUG    [lyrics.py:75] Your life has been a voice
Droning in your head
When you turn it off
You feel like you're dead

There is no arc
Only this explosion
Memories slide off
The Continental

Ba-ba-ba-ba ba-ba
Location lost
Ba-ba-ba-ba ba-ba
In another

Fever or not here we are
Ready and or I need a rest
The nurse takes me out for a walk
Through the sunshine and bent back willows

Ba-ba-ba-ba ba-ba
Location lost
Ba-ba-ba-ba ba-ba
In another
Ba-ba-ba-ba ba-ba
Party called off
Ba-ba-ba-ba ba-ba
Find your cover

There is no arc
Only this explosion
Memories slide off
The Continental

Ba-ba-ba-ba ba-ba
Location lost
Ba-ba-ba-ba ba-ba
In another
Ba-ba-ba-ba ba-ba
Party called off
Ba-ba-ba-ba ba-ba
Find your cover

Ba-ba-ba-ba ba-ba
Ba-ba-ba-ba ba-ba
2026-05-08T15:09:39,798 INFO     [lyrics.py:106] Lyrics selected
2026-05-08T15:09:39,798 DEBUG    [lyrics.py:107] Your life has been a voice
Droning in your head
When you turn it off
You feel like you're dead

There is no arc
Only this explosion
Memories slide off
The Continental

Ba-ba-ba-ba ba-ba
Location lost
Ba-ba-ba-ba ba-ba
In another

Fever or not here we are
Ready and or I need a rest
The nurse takes me out for a walk
Through the sunshine and bent back willows

Ba-ba-ba-ba ba-ba
Location lost
Ba-ba-ba-ba ba-ba
In another
Ba-ba-ba-ba ba-ba
Party called off
Ba-ba-ba-ba ba-ba
Find your cover

There is no arc
Only this explosion
Memories slide off
The Continental

Ba-ba-ba-ba ba-ba
Location lost
Ba-ba-ba-ba ba-ba
In another
Ba-ba-ba-ba ba-ba
Party called off
Ba-ba-ba-ba ba-ba
Find your cover

Ba-ba-ba-ba ba-ba
Ba-ba-ba-ba ba-ba
2026-05-08T15:09:39,798 INFO     [lyrics.py:232] Attaching  lyrics to file.
2026-05-08T15:09:39,799 INFO     [lyrics.py:59] Track: Failure - A Way Down (Location Lost) (duration: 276.09)
2026-05-08T15:09:39,799 INFO     [lyrics.py:74] Lyrics already embedded in file
2026-05-08T15:09:39,799 DEBUG    [lyrics.py:75] [00:20.19] Found my notes you left for me today (today)
[00:29.90] Underneath the songs you wouldn't play (play)
[00:39.79] Didn't know the waveforms were a code (a code)
[00:49.42] The chaos your mind could not unload (unload)
[00:59.43] I need to rearrange you
[01:09.19] Unhinge my mind to see through
[01:19.16] Reseat my spine and float out
[01:29.15] I need to find a way down
[01:48.51] Researched your willingness to bend (to bend)
[01:58.39] Reviewed your rules against revenge (revenge)
[02:07.73] Why are you looking at me like that?
[02:13.29] Turn around and leave while you can
[02:18.26] I'm getting a ride from my best friend (best friend)
[02:28.13] I need to rearrange you
[02:37.81] Unhinge my mind to see through
[02:47.82] Reseat my spine and float out
[02:57.60] I need to find a way down
[03:45.57] I need a way down
[03:50.66] I need a way down
[03:55.15] I need a way down
[04:00.22] I need a way down
[04:05.25] I need a way down
[04:10.11] I need a way down
[04:14.98] I need a way down
[04:20.06] I need a way down
[04:25.09] I need a way down
[04:30.14] I need a way down
[04:35.18] 
2026-05-08T15:09:39,799 INFO     [lyrics.py:106] Lyrics selected
2026-05-08T15:09:39,799 DEBUG    [lyrics.py:107] [00:20.19] Found my notes you left for me today (today)
[00:29.90] Underneath the songs you wouldn't play (play)
[00:39.79] Didn't know the waveforms were a code (a code)
[00:49.42] The chaos your mind could not unload (unload)
[00:59.43] I need to rearrange you
[01:09.19] Unhinge my mind to see through
[01:19.16] Reseat my spine and float out
[01:29.15] I need to find a way down
[01:48.51] Researched your willingness to bend (to bend)
[01:58.39] Reviewed your rules against revenge (revenge)
[02:07.73] Why are you looking at me like that?
[02:13.29] Turn around and leave while you can
[02:18.26] I'm getting a ride from my best friend (best friend)
[02:28.13] I need to rearrange you
[02:37.81] Unhinge my mind to see through
[02:47.82] Reseat my spine and float out
[02:57.60] I need to find a way down
[03:45.57] I need a way down
[03:50.66] I need a way down
[03:55.15] I need a way down
[04:00.22] I need a way down
[04:05.25] I need a way down
[04:10.11] I need a way down
[04:14.98] I need a way down
[04:20.06] I need a way down
[04:25.09] I need a way down
[04:30.14] I need a way down
[04:35.18] 
2026-05-08T15:09:39,799 INFO     [lyrics.py:232] Attaching  lyrics to file.
2026-05-08T15:09:39,800 INFO     [lyrics.py:59] Track: Failure - Moonlight Understands (Location Lost) (duration: 239.39)
2026-05-08T15:09:39,800 INFO     [lyrics.py:74] Lyrics already embedded in file
2026-05-08T15:09:39,800 DEBUG    [lyrics.py:75] Flashlights over sand
Moonlight understands
A machine in place of a breathing girl
Footsteps over sand

Grasping in the dark
Hoping that you're far
Don't let me find you here
Not this day or year
Moonlight understands

Why are you here?
Why aren't you home?
Traps are overdone
Plans are overcome
Moon collect its toll
Oh, ooh

When I see your face
With that frozen stare
All of memories scraped
All the dreams never dared
A machine in place of a breathing girl
No feelings left to face
No stories left to make

Why are you here?
Why aren't you home?
Traps are overdone
Plans are overcome
Moon collect its toll
Oh, ooh
2026-05-08T15:09:39,800 INFO     [lyrics.py:106] Lyrics selected
2026-05-08T15:09:39,800 DEBUG    [lyrics.py:107] Flashlights over sand
Moonlight understands
A machine in place of a breathing girl
Footsteps over sand

Grasping in the dark
Hoping that you're far
Don't let me find you here
Not this day or year
Moonlight understands

Why are you here?
Why aren't you home?
Traps are overdone
Plans are overcome
Moon collect its toll
Oh, ooh

When I see your face
With that frozen stare
All of memories scraped
All the dreams never dared
A machine in place of a breathing girl
No feelings left to face
No stories left to make

Why are you here?
Why aren't you home?
Traps are overdone
Plans are overcome
Moon collect its toll
Oh, ooh
2026-05-08T15:09:39,800 INFO     [lyrics.py:232] Attaching  lyrics to file.
2026-05-08T15:09:39,801 INFO     [lyrics.py:59] Track: DJ Noriken & Massive New Krew - GOT TO PARTY (INFINITE) (duration: 169.17)
2026-05-08T15:09:39,801 INFO     [lyrics.py:74] Lyrics already embedded in file
2026-05-08T15:09:39,801 DEBUG    [lyrics.py:75] 
2026-05-08T15:09:39,801 INFO     [lyrics.py:112] No lyrics selected
2026-05-08T15:09:39,801 INFO     [lyrics.py:232] Attaching empty lyrics to file.
2026-05-08T15:09:39,801 INFO     [lyrics.py:59] Track: aran vs Massive New Krew - THE ULTIMACY (INFINITE) (duration: 148.3)
2026-05-08T15:09:39,802 INFO     [lyrics.py:74] Lyrics already embedded in file
2026-05-08T15:09:39,802 DEBUG    [lyrics.py:75] 
2026-05-08T15:09:39,802 INFO     [lyrics.py:112] No lyrics selected
2026-05-08T15:09:39,802 INFO     [lyrics.py:232] Attaching empty lyrics to file.
2026-05-08T15:09:39,802 INFO     [lyrics.py:59] Track: Massive New Krew - Headshot (INFINITE) (duration: 147.15)
2026-05-08T15:09:39,802 INFO     [lyrics.py:74] Lyrics already embedded in file
2026-05-08T15:09:39,802 DEBUG    [lyrics.py:75] 
2026-05-08T15:09:39,802 INFO     [lyrics.py:112] No lyrics selected
2026-05-08T15:09:39,803 INFO     [lyrics.py:232] Attaching empty lyrics to file.
2026-05-08T15:09:39,803 INFO     [lyrics.py:59] Track: Massive New Krew - Rave All Night (INFINITE) (duration: 139.91)
2026-05-08T15:09:39,803 INFO     [lyrics.py:74] Lyrics already embedded in file
2026-05-08T15:09:39,803 DEBUG    [lyrics.py:75] 
2026-05-08T15:09:39,803 INFO     [lyrics.py:112] No lyrics selected
2026-05-08T15:09:39,803 INFO     [lyrics.py:232] Attaching empty lyrics to file.
2026-05-08T15:09:39,804 INFO     [lyrics.py:59] Track: Massive New Krew - Turn It Up (INFINITE) (duration: 214.05)
2026-05-08T15:09:39,804 INFO     [lyrics.py:74] Lyrics already embedded in file
2026-05-08T15:09:39,804 DEBUG    [lyrics.py:75] 
2026-05-08T15:09:39,804 INFO     [lyrics.py:112] No lyrics selected
2026-05-08T15:09:39,804 INFO     [lyrics.py:232] Attaching empty lyrics to file.
2026-05-08T15:09:39,805 INFO     [lyrics.py:59] Track: Massive New Krew - Waste (INFINITE) (duration: 163.92)
2026-05-08T15:09:39,805 INFO     [lyrics.py:74] Lyrics already embedded in file
2026-05-08T15:09:39,805 DEBUG    [lyrics.py:75] 
2026-05-08T15:09:39,805 INFO     [lyrics.py:112] No lyrics selected
2026-05-08T15:09:39,805 INFO     [lyrics.py:232] Attaching empty lyrics to file.
2026-05-08T15:09:39,806 INFO     [lyrics.py:59] Track: Massive New Krew - Feel the Bass (INFINITE) (duration: 217.21)
2026-05-08T15:09:39,806 INFO     [lyrics.py:74] Lyrics already embedded in file
2026-05-08T15:09:39,806 DEBUG    [lyrics.py:75] 
2026-05-08T15:09:39,806 INFO     [lyrics.py:112] No lyrics selected
2026-05-08T15:09:39,806 INFO     [lyrics.py:232] Attaching empty lyrics to file.
2026-05-08T15:09:39,807 INFO     [lyrics.py:59] Track: Massive New Krew - Big Bang (INFINITE) (duration: 136.54)
2026-05-08T15:09:39,807 INFO     [lyrics.py:74] Lyrics already embedded in file
2026-05-08T15:09:39,807 DEBUG    [lyrics.py:75] 
2026-05-08T15:09:39,807 INFO     [lyrics.py:112] No lyrics selected
2026-05-08T15:09:39,807 INFO     [lyrics.py:232] Attaching empty lyrics to file.
2026-05-08T15:09:39,808 INFO     [lyrics.py:59] Track: Massive New Krew feat. Takenobu Mitsuyoshi - Trust (INFINITE) (duration: 236.93)
2026-05-08T15:09:39,808 INFO     [lyrics.py:74] Lyrics already embedded in file
2026-05-08T15:09:39,808 DEBUG    [lyrics.py:75] 
2026-05-08T15:09:39,808 INFO     [lyrics.py:112] No lyrics selected
2026-05-08T15:09:39,808 INFO     [lyrics.py:232] Attaching empty lyrics to file.
2026-05-08T15:09:39,808 INFO     [lyrics.py:59] Track: Massive New Krew - Drive Impact (INFINITE) (duration: 147.91)
2026-05-08T15:09:39,809 INFO     [lyrics.py:74] Lyrics already embedded in file
2026-05-08T15:09:39,809 DEBUG    [lyrics.py:75] 
2026-05-08T15:09:39,809 INFO     [lyrics.py:112] No lyrics selected
2026-05-08T15:09:39,809 INFO     [lyrics.py:232] Attaching empty lyrics to file.
2026-05-08T15:09:39,809 INFO     [lyrics.py:59] Track: Massive New Krew - \u8d85MANJI\u30e9\u30c3\u30b7\u30e5 (INFINITE) (duration: 130.48)
2026-05-08T15:09:39,810 INFO     [lyrics.py:74] Lyrics already embedded in file
2026-05-08T15:09:39,810 DEBUG    [lyrics.py:75] 
2026-05-08T15:09:39,810 INFO     [lyrics.py:112] No lyrics selected
2026-05-08T15:09:39,810 INFO     [lyrics.py:232] Attaching empty lyrics to file.
2026-05-08T15:09:39,810 INFO     [lyrics.py:59] Track: Massive New Krew - Tonight (INFINITE) (duration: 187.77)
2026-05-08T15:09:39,810 INFO     [lyrics.py:74] Lyrics already embedded in file
2026-05-08T15:09:39,810 DEBUG    [lyrics.py:75] 
2026-05-08T15:09:39,810 INFO     [lyrics.py:112] No lyrics selected
2026-05-08T15:09:39,810 INFO     [lyrics.py:232] Attaching empty lyrics to file.
2026-05-08T15:09:39,811 INFO     [lyrics.py:59] Track: t+pazolite - Intro - patch your memories (OMOIDE Patchwork) (duration: 75.91)
2026-05-08T15:09:39,811 INFO     [lyrics.py:74] Lyrics already embedded in file
2026-05-08T15:09:39,811 DEBUG    [lyrics.py:75] 
2026-05-08T15:09:39,811 INFO     [lyrics.py:112] No lyrics selected
2026-05-08T15:09:39,811 INFO     [lyrics.py:232] Attaching empty lyrics to file.
2026-05-08T15:09:39,812 INFO     [lyrics.py:59] Track: t+pazolite & Mitsukiyo feat. Nanahira - \u30aa\u30e2\u30a4\u30c7\u30fb\u30d1\u30c3\u30c1\u30ef\u30fc\u30af\u30fb\u30b5\u30fc\u30d3\u30b9 (OMOIDE Patchwork) (duration: 164.15)
2026-05-08T15:09:39,812 INFO     [lyrics.py:74] Lyrics already embedded in file
2026-05-08T15:09:39,812 DEBUG    [lyrics.py:75] 
2026-05-08T15:09:39,812 INFO     [lyrics.py:112] No lyrics selected
2026-05-08T15:09:39,812 INFO     [lyrics.py:232] Attaching empty lyrics to file.
2026-05-08T15:09:39,813 INFO     [lyrics.py:59] Track: t+pazolite - \u30ab\u30aa\u30b9\u30bf\u30a4\u30e0 the DARK (ver.OPW) (OMOIDE Patchwork) (duration: 207.78)
2026-05-08T15:09:39,813 INFO     [lyrics.py:74] Lyrics already embedded in file
2026-05-08T15:09:39,813 DEBUG    [lyrics.py:75] 
2026-05-08T15:09:39,813 INFO     [lyrics.py:112] No lyrics selected
2026-05-08T15:09:39,813 INFO     [lyrics.py:232] Attaching empty lyrics to file.
2026-05-08T15:09:39,813 INFO     [lyrics.py:59] Track: t+pazolite - Noncount Vibes (OMOIDE Patchwork) (duration: 175.67)
2026-05-08T15:09:39,814 INFO     [lyrics.py:74] Lyrics already embedded in file
2026-05-08T15:09:39,814 DEBUG    [lyrics.py:75] 
2026-05-08T15:09:39,814 INFO     [lyrics.py:112] No lyrics selected
2026-05-08T15:09:39,814 INFO     [lyrics.py:232] Attaching empty lyrics to file.
2026-05-08T15:09:39,814 INFO     [lyrics.py:59] Track: t+pazolite - Flashback Flicker (ver.OPW) (OMOIDE Patchwork) (duration: 238.29)
2026-05-08T15:09:39,814 INFO     [lyrics.py:74] Lyrics already embedded in file
2026-05-08T15:09:39,814 DEBUG    [lyrics.py:75] 
2026-05-08T15:09:39,815 INFO     [lyrics.py:112] No lyrics selected
2026-05-08T15:09:39,815 INFO     [lyrics.py:232] Attaching empty lyrics to file.
2026-05-08T15:09:39,815 INFO     [lyrics.py:59] Track: t+pazolite - !!! - Exclaclaclamation (OMOIDE Patchwork) (duration: 192.03)
2026-05-08T15:09:39,815 INFO     [lyrics.py:74] Lyrics already embedded in file
2026-05-08T15:09:39,815 DEBUG    [lyrics.py:75] 
2026-05-08T15:09:39,815 INFO     [lyrics.py:112] No lyrics selected
2026-05-08T15:09:39,815 INFO     [lyrics.py:232] Attaching empty lyrics to file.
2026-05-08T15:09:39,816 INFO     [lyrics.py:59] Track: t+pazolite - ma[\u03c7]zo (ver. OPW) (OMOIDE Patchwork) (duration: 222.04)
2026-05-08T15:09:39,819 DEBUG    [connectionpool.py:1049] Starting new HTTPS connection (1): lrclib.net:443
2026-05-08T15:09:49,267 DEBUG    [connectionpool.py:544] https://lrclib.net:443 "GET /api/search?q=ma%5B%CF%87%5Dzo+%28ver.+OPW%29+t%2Bpazolite+OMOIDE+Patchwork HTTP/1.1" 200 2
2026-05-08T15:09:49,268 DEBUG    [lyrics.py:202] params: {'q': 'ma[\u03c7]zo (ver. OPW) t+pazolite OMOIDE Patchwork'}
2026-05-08T15:09:49,269 DEBUG    [lyrics.py:203] Number of results: 0
2026-05-08T15:09:49,269 INFO     [lyrics.py:112] No lyrics selected
2026-05-08T15:09:49,269 INFO     [lyrics.py:232] Attaching empty lyrics to file.
2026-05-08T15:09:49,270 INFO     [lyrics.py:59] Track: t+pazolite & Chiharu Kaneko - \u96e8\u9732\u971c\u96ea (ver.OPW) (OMOIDE Patchwork) (duration: 245.03)
2026-05-08T15:09:49,272 DEBUG    [connectionpool.py:1049] Starting new HTTPS connection (1): lrclib.net:443
2026-05-08T15:10:03,344 DEBUG    [connectionpool.py:544] https://lrclib.net:443 "GET /api/search?q=%E9%9B%A8%E9%9C%B2%E9%9C%9C%E9%9B%AA+%28ver.OPW%29+t%2Bpazolite+OMOIDE+Patchwork HTTP/1.1" 200 2
2026-05-08T15:10:03,346 DEBUG    [lyrics.py:202] params: {'q': '\u96e8\u9732\u971c\u96ea (ver.OPW) t+pazolite OMOIDE Patchwork'}
2026-05-08T15:10:03,346 DEBUG    [lyrics.py:203] Number of results: 0
2026-05-08T15:10:03,346 INFO     [lyrics.py:112] No lyrics selected
2026-05-08T15:10:03,346 INFO     [lyrics.py:232] Attaching empty lyrics to file.
2026-05-08T15:10:03,348 INFO     [lyrics.py:59] Track: t+pazolite & Chroma - paint your own universe (OMOIDE Patchwork) (duration: 232.57)
2026-05-08T15:10:03,350 DEBUG    [connectionpool.py:1049] Starting new HTTPS connection (1): lrclib.net:443
2026-05-08T15:10:32,150 DEBUG    [connectionpool.py:544] https://lrclib.net:443 "GET /api/search?q=paint+your+own+universe+t%2Bpazolite+OMOIDE+Patchwork HTTP/1.1" 200 2
2026-05-08T15:10:32,151 DEBUG    [lyrics.py:202] params: {'q': 'paint your own universe t+pazolite OMOIDE Patchwork'}
2026-05-08T15:10:32,151 DEBUG    [lyrics.py:203] Number of results: 0
2026-05-08T15:10:32,151 INFO     [lyrics.py:112] No lyrics selected
2026-05-08T15:10:32,151 INFO     [lyrics.py:232] Attaching empty lyrics to file.
2026-05-08T15:10:32,152 INFO     [lyrics.py:59] Track: t+pazolite - Prism Fountain (ver.OPW) (OMOIDE Patchwork) (duration: 245.66)
2026-05-08T15:10:32,154 DEBUG    [connectionpool.py:1049] Starting new HTTPS connection (1): lrclib.net:443
2026-05-08T15:10:41,632 DEBUG    [connectionpool.py:544] https://lrclib.net:443 "GET /api/search?q=Prism+Fountain+%28ver.OPW%29+t%2Bpazolite+OMOIDE+Patchwork HTTP/1.1" 200 2
2026-05-08T15:10:41,632 DEBUG    [lyrics.py:202] params: {'q': 'Prism Fountain (ver.OPW) t+pazolite OMOIDE Patchwork'}
2026-05-08T15:10:41,632 DEBUG    [lyrics.py:203] Number of results: 0
2026-05-08T15:10:41,632 INFO     [lyrics.py:112] No lyrics selected
2026-05-08T15:10:41,633 INFO     [lyrics.py:232] Attaching empty lyrics to file.
2026-05-08T15:10:41,634 INFO     [lyrics.py:59] Track: t+pazolite - Detoxified (OMOIDE Patchwork) (duration: 178.16)
2026-05-08T15:10:41,636 DEBUG    [connectionpool.py:1049] Starting new HTTPS connection (1): lrclib.net:443
2026-05-08T15:10:49,716 DEBUG    [connectionpool.py:544] https://lrclib.net:443 "GET /api/search?q=Detoxified+t%2Bpazolite+OMOIDE+Patchwork HTTP/1.1" 200 2
2026-05-08T15:10:49,716 DEBUG    [lyrics.py:202] params: {'q': 'Detoxified t+pazolite OMOIDE Patchwork'}
2026-05-08T15:10:49,716 DEBUG    [lyrics.py:203] Number of results: 0
2026-05-08T15:10:49,716 INFO     [lyrics.py:112] No lyrics selected
2026-05-08T15:10:49,716 INFO     [lyrics.py:232] Attaching empty lyrics to file.
2026-05-08T15:10:49,718 INFO     [lyrics.py:59] Track: “Weird Al” Yankovic - Smells Like Nirvana (Off the Deep End) (duration: 223.14)
2026-05-08T15:10:49,719 DEBUG    [connectionpool.py:1049] Starting new HTTPS connection (1): lrclib.net:443
2026-05-08T15:10:59,213 DEBUG    [connectionpool.py:544] https://lrclib.net:443 "GET /api/search?q=Smells+Like+Nirvana+%E2%80%9CWeird+Al%E2%80%9D+Yankovic+Off+the+Deep+End HTTP/1.1" 200 None
2026-05-08T15:10:59,216 DEBUG    [lyrics.py:202] params: {'q': 'Smells Like Nirvana “Weird Al” Yankovic Off the Deep End'}
2026-05-08T15:10:59,216 DEBUG    [lyrics.py:203] Number of results: 20
2026-05-08T15:16:37,922 INFO     [lyrics.py:106] Lyrics selected
2026-05-08T15:16:37,922 DEBUG    [lyrics.py:107] [00:21.04] What is this song all about?
[00:28.73] Can't figure any lyrics out
[00:32.59] How do the words to it go
[00:36.47] I wish you'd tell me, I don't know
[00:40.12] Don't know, don't know, don't know, oh no
[00:44.07] Don't know, don't know, don't know
[00:47.23] Now I'm mumblin', and I'm screamin'
[00:51.57] And I don't know what I'm singin'
[00:55.00] Crank the volume, ears are bleedin'
[00:58.98] I still don't know what I'm singin'
[01:03.03] We're so loud and incoherent
[01:06.56] Boy, this oughta bug your parents
[01:10.87] Yeah
[01:12.81] Blergh
[01:16.90] Haai
[01:20.03] It's unintelligible
[01:23.53] I just can't get it through my skull
[01:27.78] It's hard to bargle nawdle zouss
[01:31.52] With all these marbles in my mouth
[01:35.83] Don't know, don't know, don't know, oh no
[01:39.95] Don't know, don't know, don't know
[01:41.93] Well, we don't sound like Madonna
[01:45.89] Here we are now, we're Nirvana
[01:50.49] Sing distinctly, we don't wanna
[01:54.20] Buy our album, we're Nirvana
[01:56.26] A garage band from Seattle
[02:01.86] Well, it sure beats raisin' cattle
[02:06.03] Yeah
[02:31.25] And I forgot the next verse
[02:34.75] Oh, well, I guess it pays to rehearse
[02:38.63] The lyric sheet's so hard to find
[02:42.67] What are the words? Oh, never mind
[02:46.58] Don't know, don't know, don't know, oh no
[02:50.00] Don't know, don't know, don't know
[02:53.24] Well, I'm yellin', and we're playin'
[02:57.00] But I don't know what I'm sayin'
[03:01.37] What's the message I'm conveyin'?
[03:05.16] Can you tell me what I'm sayin'?
[03:09.07] So, have you got some idea?
[03:13.08] Didn't think so, well, I'll see ya
[03:16.43] Sayonara, sayonara
[03:20.61] Ayonawa, hodinawa
[03:24.73] Odinaya, yodinaya
[03:28.50] Yadda-yadda, yah-yah
[03:32.23] Aye-yaah
[03:41.33] 
2026-05-08T15:16:37,923 INFO     [lyrics.py:232] Attaching  lyrics to file.
2026-05-08T15:16:38,025 INFO     [lyrics.py:59] Track: “Weird Al” Yankovic - Trigger Happy (Off the Deep End) (duration: 227.0)
2026-05-08T15:16:38,027 DEBUG    [connectionpool.py:1049] Starting new HTTPS connection (1): lrclib.net:443
2026-05-08T15:16:47,912 DEBUG    [connectionpool.py:544] https://lrclib.net:443 "GET /api/search?q=Trigger+Happy+%E2%80%9CWeird+Al%E2%80%9D+Yankovic+Off+the+Deep+End HTTP/1.1" 200 None
2026-05-08T15:16:47,912 DEBUG    [lyrics.py:202] params: {'q': 'Trigger Happy “Weird Al” Yankovic Off the Deep End'}
2026-05-08T15:16:47,912 DEBUG    [lyrics.py:203] Number of results: 14
2026-05-08T15:18:06,698 INFO     [lyrics.py:106] Lyrics selected
2026-05-08T15:18:06,698 DEBUG    [lyrics.py:107] [00:01.17] (Trigger happy)
[00:04.09] (Trigger happy)
[00:05.74] Got an AK-47, well, you know it makes me feel alright
[00:11.54] Got an Uzi by my pillow, helps me sleep a little better at night
[00:18.20] There's no feeling any greater
[00:20.27] Than to shoot first and ask questions later
[00:23.32] Now I'm trigger happy, trigger happy every day
[00:26.12] (Trigger happy every day)
[00:29.03] Well, you can't take my guns away, I got a constitutional right
[00:34.89] Yeah, I gotta be ready if the Commies attack us tonight
[00:41.30] I'll blow their brains out with my Smith and Wesson
[00:44.24] That ought to teach them all a darn good lesson
[00:46.72] Now I'm trigger happy, trigger happy every day
[00:49.59] (Trigger happy every day)
[00:51.85] (Oh yeah, I'm) trigger, trigger happy
[00:54.87] Yes, I'm trigger, trigger happy
[00:57.61] (Oh baby, I'm) trigger, trigger happy
[01:00.73] Yes, I'm trigger, trigger happy
[01:03.50] (Oh, I'm so) trigger, trigger happy
[01:06.66] Yes, I'm trigger, trigger happy
[01:10.11] Better watch out, punk, or I'm gonna have to blow you away
[01:15.80] Oh, I accidentally shot Daddy last night in the den 
[01:19.61] (Shot Daddy in the den)
[01:21.69] I mistook him in the dark for a drug-crazed Nazi again 
[01:25.46] (Drug-crazed Nazi again)
[01:28.52] Now why'd you have to get so mad?
[01:31.30] It was just a lousy flesh wound, Dad
[01:33.41] You know, I'm trigger happy, trigger happy every day
[01:36.38] (Trigger happy every day)
[01:39.35] Oh, I still haven't figured out the safety on my rifle yet
[01:42.98] (bop, doo-wop, shoo-wop, bop, doo-wop)
[01:45.28] Little Fluffy took a round, better take him to the vet
[01:48.88] (bop, doo-wop, shoo-wop, bop, doo-wop)
[01:51.69] I filled that kitty cat so full of lead
[01:54.64] We'll have to use him for a pencil instead
[01:56.81] Well, I'm trigger happy, trigger happy every day
[01:59.89] (Trigger happy every day)
[02:02.16] (Oh yeah, I'm) trigger, trigger happy
[02:05.22] Yes, I'm trigger, trigger happy
[02:07.95] (Oh baby, I'm) trigger, trigger happy
[02:11.02] Yes, I'm trigger, trigger happy
[02:13.85] (Oh, I'm so) trigger, trigger happy
[02:16.82] Yes, I'm trigger, trigger happy
[02:20.39] Better watch out, punk, or I'm gonna have to blow you away
[02:26.40] Come on and grab your ammo
[02:29.61] What have you got to lose?
[02:32.55] We'll get all liquored up
[02:34.88] And shoot at anything that moves
[02:38.10] Got a brand new semi-automatic weapon with a laser sight
[02:41.61] (Shoot to kill now, shoot to kill)
[02:43.77] Oh, I'm prayin' somebody tries to break in here tonight
[02:47.45] (Shoot to kill now, shoot to kill)
[02:50.24] I always keep a Magnum in my trunk
[02:52.41] You better ask yourself, do you feel lucky, punk?
[02:55.37] Because I'm trigger happy, trigger happy every day
[02:58.40] (Trigger happy every day)
[03:00.66] (Oh yeah, I'm) trigger, trigger happy
[03:03.74] Yes, I'm trigger, trigger happy
[03:06.51] (Oh baby, I'm) trigger, trigger happy
[03:09.58] Yes, I'm trigger, trigger happy
[03:12.27] (Oh, I'm so) trigger, trigger happy
[03:15.38] Yes, I'm trigger, trigger happy
[03:18.84] Better watch out, punk, or I'm gonna have to blow you away
[03:22.59] (Watch out or I'll blow you away)
[03:24.81] Better watch out, punk, or I'm gonna have to blow you away
[03:28.44] (Watch out or I'll blow you away)
[03:30.62] Better watch out, punk, or I'm gonna have to blow you away
[03:34.33] (Watch out or I'll blow you away)
[03:36.42] Better watch out, punk, or I'm gonna have to blow you away
[03:40.00] (Watch out or I'll blow you away)
[03:42.83] 
2026-05-08T15:18:06,698 INFO     [lyrics.py:232] Attaching  lyrics to file.
2026-05-08T15:18:07,034 INFO     [lyrics.py:59] Track: “Weird Al” Yankovic - I Can’t Watch This (Off the Deep End) (duration: 211.83)
2026-05-08T15:18:07,036 DEBUG    [connectionpool.py:1049] Starting new HTTPS connection (1): lrclib.net:443
2026-05-08T15:18:19,163 DEBUG    [connectionpool.py:544] https://lrclib.net:443 "GET /api/search?q=I+Can%E2%80%99t+Watch+This+%E2%80%9CWeird+Al%E2%80%9D+Yankovic+Off+the+Deep+End HTTP/1.1" 200 None
2026-05-08T15:18:19,165 DEBUG    [lyrics.py:202] params: {'q': 'I Can’t Watch This “Weird Al” Yankovic Off the Deep End'}
2026-05-08T15:18:19,165 DEBUG    [lyrics.py:203] Number of results: 15
2026-05-08T15:18:37,965 INFO     [lyrics.py:106] Lyrics selected
2026-05-08T15:18:37,965 DEBUG    [lyrics.py:107] [00:03.95] I can't watch this
[00:07.54] I can't watch this
[00:11.00] I can't watch this
[00:13.89] My, my, my (I can't watch this)
[00:15.42] My TV makes me so bored
[00:17.28] Makes me say "oh, my Lord"
[00:18.85] What is this garbage here?
[00:20.62] Wanna cover my eyes and plug my ears
[00:22.51] It sucks, and that's no lie
[00:24.32] It's about as much fun as watching paint dry
[00:26.29] Lowers my IQ one notch
[00:28.17] And that's the reason why, uh, I can't watch
[00:31.45] I told you homeboy... I can't watch this
[00:34.64] Yeah, nothing but trash and you know... I can't watch this
[00:38.41] Poke out my eyes, man... I can't watch this
[00:41.65] Yo, gimme that remote control... I can't watch this
[00:44.50] Talkin' 'bout sick shows
[00:46.18] There's America's Funniest Home Videos
[00:47.76] I can't believe my eyes
[00:49.68] When I see the kind of stuff that wins first prize
[00:51.44] Somebody's poor old mom falls down off the roof
[00:54.28] Lands right on the lawn
[00:55.12] Face first on a rake
[00:57.15] I hear they've got it on the seventeenth take
[00:58.76] That's funny as a kick in the crotch
[01:00.71] And that kind of show, uh, I can't watch
[01:04.55] Yo, I told you... I can't watch this
[01:07.85] Change the channel now, man... I can't watch this
[01:10.63] Yo, pass the TV Guide here, sucker... I can't watch this
[01:13.68] Cosby Show and Roseanne
[01:15.04] Think I've taken 'bout as much as I can
[01:16.79] Judge Wapner, oh my
[01:18.62] You gotta be Rain Man to like this guy
[01:20.34] Thirtysomething is alright
[01:22.28] If you like hearing yuppies whining all night
[01:23.95] Can't stand Twin Peaks
[01:25.93] Wish they'd lynch those doughnut-eatin' freaks
[01:27.63] Those Siskel & Ebert bums
[01:29.68] Oughta go home and sit on their thumbs
[01:32.35] That's word because you know... I can't watch this
[01:37.95] I can't watch this
[01:41.67] Break it down!
[01:42.32] Here's how to order...
[01:43.31] Money back guarantee...
[01:44.31] Removes tough stains fast...
[01:46.14] It tastes more like fresh peanuts...
[01:47.66] They keep going and going...
[01:49.62] Don't hate me because I'm beautiful...
[01:51.32] Could be dandruff...
[01:52.23] Our prices are insane!
[01:55.21] Stop, prime-time
[01:56.67] I'm pretty sure I'll be sick
[01:58.42] If I have to watch another stupid pet trick
[02:00.13] Or that guy with the real flat hair
[02:01.93] That goes "woof-woof-woof" and waves his fist in the air
[02:03.78] Or those weird talk shows
[02:05.75] About transsexual Nazi Eskimos
[02:07.39] They're rude, crude and vile
[02:09.34] Just for a minute let's flip down the dial
[02:11.39] Flip, flip, flip... yech, I can't watch this
[02:16.87] Look man... I can't watch this
[02:19.68] I can't take this torture no more, I can't...
[02:21.58] I can't watch this
[02:23.11] Pay the bills, station break
[02:25.03] Break it down!
[02:25.67] Operators are standing by...
[02:27.16] Cubic zirconium necklaces...
[02:28.56] You're soaking in it...
[02:29.41] And our fabulous swimsuit issue...
[02:31.34] When you've got a headache this big...
[02:33.12] Read the book...
[02:33.87] This is your brain on drugs...
[02:35.42] I've fallen and I can't get up!
[02:38.66] Stop, Cable Time
[02:40.08] HBO and Playboy, Showtime and MTV
[02:43.44] I might like 'em more after my lobotomy
[02:47.19] Now why did I ever pay for this junk?
[02:50.55] I hooked up eighty channels and each one stunk
[02:54.46] Just brainless blood and guts, and mindless T&A
[02:57.91] It's awful, it's putrid, it's crummy, it's stupid, gonna throw my set away
[03:01.28] I can't watch this
[03:04.67] I can't watch this
[03:08.29] I can't watch this
[03:10.81] Yeah... I can't watch this
[03:14.20] I told you... can't watch this
[03:18.32] Too hip, can't watch this
[03:21.89] Get me outta here... can't watch this
[03:23.06] 
2026-05-08T15:18:37,965 INFO     [lyrics.py:232] Attaching  lyrics to file.
2026-05-08T15:18:38,096 INFO     [lyrics.py:59] Track: “Weird Al” Yankovic - Polka Your Eyes Out (Off the Deep End) (duration: 230.58)
2026-05-08T15:18:38,098 DEBUG    [connectionpool.py:1049] Starting new HTTPS connection (1): lrclib.net:443
2026-05-08T15:18:47,753 DEBUG    [connectionpool.py:544] https://lrclib.net:443 "GET /api/search?q=Polka+Your+Eyes+Out+%E2%80%9CWeird+Al%E2%80%9D+Yankovic+Off+the+Deep+End HTTP/1.1" 200 None
2026-05-08T15:18:47,754 DEBUG    [lyrics.py:202] params: {'q': 'Polka Your Eyes Out “Weird Al” Yankovic Off the Deep End'}
2026-05-08T15:18:47,754 DEBUG    [lyrics.py:203] Number of results: 14
2026-05-08T15:19:01,769 INFO     [lyrics.py:106] Lyrics selected
2026-05-08T15:19:01,769 DEBUG    [lyrics.py:107] [00:11.16] Hey
[00:13.37] Rock the cradle of love
[00:16.02] Rock the cradle of love
[00:18.19] Yes, the cradle of love
[00:20.54] Don't rock easy, it's true
[00:24.35] Rock the cradle of love
[00:27.05] I rocked the cradle of love
[00:29.29] Yes, the cradle of love
[00:31.53] Don't rock easy, it's true
[00:34.92] 
[00:40.02] Do do do do, do-do-do-do, do do do do, do-do-do-do
[00:43.05] (Do do do do, do-do-do-do, do do do do, do-do-do-do)
[00:46.01] The love shack is a little old place where
[00:49.58] We can get together
[00:53.08] Love shack, baby (love shack, baby, love shack)
[00:56.63] Hey
[00:57.15] 
[01:02.74] Pump up the jam (hey)
[01:04.12] Pump up the jam (hey)
[01:05.61] Pump up the jam, pump it up
[01:07.40] That's me in the corner
[01:09.92] That's me in the spotlight,
[01:12.44] Losing my religion
[01:15.57] Trying to keep a view
[01:18.85] And I don't know if I can do it
[01:22.33] Oh, no, I've said too much
[01:25.73] I haven't said enough
[01:30.18] The things you say
[01:31.40] Your purple prose just gives you away
[01:32.70] The things you say
[01:34.63] You're unbelieveable (oh)
[01:35.67] 
[01:41.36] Do me, baby
[01:44.07] Do me, baby
[01:46.29] You can do me in the morning
[01:47.52] You can do me in the night
[01:48.88] You can do me when you wanna do me
[01:50.48] Yodel-odel-lay-hee-hoo
[01:51.97] Exit light
[01:54.64] Enter night
[01:57.33] Take my hand
[02:00.24] Off to never never land
[02:01.74] 
[02:11.68] The Humpty Dance is your chance to do the Hump
[02:16.76] Do me, baby
[02:18.19] Do the Humpty Hump
[02:20.18] Do the Humpty Hump
[02:21.53] Do me, baby
[02:23.17] Do the Humpty Hump
[02:24.20] Come on and do the Humpty Hump
[02:26.97] She's my cherry pie
[02:29.29] Put a smile on your face ten miles wide
[02:32.31] Look so good, make a grown man cry
[02:34.97] Sweet cherry pie-ie-ie
[02:37.61] Whoo
[02:38.95] Drum solo
[02:40.47] 
[02:47.54] I miss you much (M-O-I, miss you much)
[02:50.06] I really miss you much (M-I-S-S you much)
[02:52.78] I miss you much (M-O-I, miss you much)
[02:56.07] I really miss you much
[02:58.15] Hey, I don't want anybody else
[03:01.18] When I think about you, I touch myself
[03:03.38] Oh, I don't want anybody else
[03:06.28] Oh no, oh no, oh no, no, no
[03:09.03] He's the one they call Dr. Feelgood
[03:11.64] He's the one that makes you feel alright
[03:14.29] He's the one they call Dr. Feelgood
[03:16.86] He's gonna be your Frankenstein
[03:18.93] Let's kick it
[03:22.57] If you got a problem (yo), I'll solve it
[03:23.72] Check out the beat while the DJ revolves it
[03:25.16] Ice ice, baby
[03:27.81] Ice ice, baby
[03:29.38] Word to your mother
[03:30.44] Ice ice, baby
[03:33.16] Ice ice, baby forever
[03:35.46] I'll be your ice ice, baby (ice ice, baby, ice ice, baby, ice ice, baby)
[03:47.32] Hey
[03:48.39] 
2026-05-08T15:19:01,769 INFO     [lyrics.py:232] Attaching  lyrics to file.
2026-05-08T15:19:01,905 INFO     [lyrics.py:59] Track: “Weird Al” Yankovic - I Was Only Kidding (Off the Deep End) (duration: 210.7)
2026-05-08T15:19:01,907 DEBUG    [connectionpool.py:1049] Starting new HTTPS connection (1): lrclib.net:443
2026-05-08T15:19:11,478 DEBUG    [connectionpool.py:544] https://lrclib.net:443 "GET /api/search?q=I+Was+Only+Kidding+%E2%80%9CWeird+Al%E2%80%9D+Yankovic+Off+the+Deep+End HTTP/1.1" 200 None
2026-05-08T15:19:11,479 DEBUG    [lyrics.py:202] params: {'q': 'I Was Only Kidding “Weird Al” Yankovic Off the Deep End'}
2026-05-08T15:19:11,479 DEBUG    [lyrics.py:203] Number of results: 15
2026-05-08T15:19:18,374 INFO     [lyrics.py:106] Lyrics selected
2026-05-08T15:19:18,374 DEBUG    [lyrics.py:107] [00:00.77] When I said that I'd be faithful
[00:03.85] When I promised I'd be true
[00:07.69] When I swore that I could never
[00:11.05] Be with anyone but you
[00:15.62] When I told you that I loved you
[00:19.12] With those tender words I spoke
[00:23.18] I was only kidding
[00:29.77] Now, can't you take a joke?
[00:35.65] When I said that I need you, baby
[00:37.17] When I told you that I really care
[00:39.26] When I said that I can't live without you
[00:41.65] When I said I'd follow you anywhere
[00:44.11] When I said you could always trust me
[00:47.07] When I said I'd never leave you flat
[00:49.32] Well, guess what I was only kidding, baby
[00:51.78] I can't believe you fell for that, you're so gullible
[00:54.34] (I was only kidding) I was only kidding
[00:57.39] (I was only kidding) you thought that was for real?
[00:59.81] I was only kidding
[01:01.14] Now I'm sorry if you misunderstood, but the fact remains
[01:04.62] (I was only kidding) I was only kidding
[01:07.31] (I was only kidding) baby, baby, I was
[01:09.86] I was only kidding
[01:11.96] Well, I guess I got you pretty good, now listen
[01:14.65] When I said that I love you, baby
[01:16.91] From the very bottom of my heart
[01:19.27] When I said that I miss you so badly
[01:21.73] Every second we're apart
[01:24.39] When I swore that you're just getting more and more
[01:27.04] Beautiful every day
[01:29.12] Well, I was only kidding, honey
[01:32.17] What's the matter with you anyway
[01:33.89] Let me tell you something
[01:34.60] (I was only kidding) I was only kidding
[01:37.41] (I was only kidding) you understand, don't ya?
[01:39.72] I was only kidding
[01:41.42] Well, I guess it probably hurts you a lot, but you gotta know
[01:44.70] (I was only kidding) I was only kidding
[01:47.29] (I was only kidding) come on now, get a clue
[01:49.77] I was only kidding
[01:51.27] I really love you, not!
[02:15.85] When I said you oughta marry me
[02:17.01] When I said that we should settle down
[02:19.47] Well, I was pullin' your leg there, honey
[02:22.01] I was just foolin' around
[02:24.62] You see, I, I never meant to upset you, darlin'
[02:27.24] I never meant to hurt anyone
[02:29.14] I was only kidding, baby
[02:31.81] Why don't you just put down that gun?
[02:34.16] Let's talk this over
[02:35.08] (I was only kidding) I was only kidding
[02:37.53] (I was only kidding) watch where you're pointing that thing
[02:40.17] (I was only kidding)
[02:41.35] Hey, I'm sorry if your heart is broke, you gotta realize
[02:45.09] (I was only kidding) I was only kidding
[02:47.62] (I was only kidding) Aw, yeah
[02:49.96] I was only kidding
[02:51.47] Now, honey, can't you take a joke?
[02:54.95] (I was only kidding) I was only kidding
[02:57.66] (I was only kidding) I was only kidding
[03:00.00] (I was only kidding) I was only kidding
[03:02.57] (I was only kidding) I didn't lie to ya
[03:05.94] I was only kidding yes indeed
[03:08.30] (I was only kidding) baby, baby, you know
[03:09.98] (I was only kidding) Hey!
[03:13.25] 
2026-05-08T15:19:18,374 INFO     [lyrics.py:232] Attaching  lyrics to file.
2026-05-08T15:19:18,498 INFO     [lyrics.py:59] Track: “Weird Al” Yankovic - The White Stuff (Off the Deep End) (duration: 163.0)
2026-05-08T15:19:18,499 DEBUG    [connectionpool.py:1049] Starting new HTTPS connection (1): lrclib.net:443
2026-05-08T15:19:31,452 DEBUG    [connectionpool.py:544] https://lrclib.net:443 "GET /api/search?q=The+White+Stuff+%E2%80%9CWeird+Al%E2%80%9D+Yankovic+Off+the+Deep+End HTTP/1.1" 200 None
2026-05-08T15:19:31,452 DEBUG    [lyrics.py:202] params: {'q': 'The White Stuff “Weird Al” Yankovic Off the Deep End'}
2026-05-08T15:19:31,452 DEBUG    [lyrics.py:203] Number of results: 13
2026-05-08T15:20:07,552 INFO     [lyrics.py:106] Lyrics selected
2026-05-08T15:20:07,553 DEBUG    [lyrics.py:107] [00:10.53] The white stuff
[00:18.04] The white stuff
[00:20.04] The first one was a sweet one
[00:22.03] Second one was a blast
[00:24.59] Soon I finished off the bag, ate 'em up real fast
[00:28.29] You can see 'em in my teeth
[00:31.09] Tell it when I talk
[00:33.56] Had so many my pancreas just went into shock
[00:36.36] I love the white stuff, baby
[00:40.23] In the middle of an Oreo
[00:44.04] I love the white stuff, baby
[00:49.04] It's the most delicious thing I know
[00:53.02] I've had a zillion or two
[00:56.67] In my life, they're so right
[01:01.48] My teeth are all rotted clear through
[01:05.20] But who cares? What else am I supposed to do?
[01:10.34] Oh, oh, oh, oh, oh Oreo
[01:14.20] Oh, oh, oh, oh, oh, the white stuff
[01:18.57] Oh, oh, oh, oh, oh Oreo
[01:22.66] What's in the middle? The white stuff
[01:26.77] The first time that I tried it
[01:28.57] Got a big sugar buzz
[01:30.53] Nothing gets me high as that sandwhich cookie does
[01:34.70] But I love the filling most
[01:37.23] I rub it on my roast
[01:39.20] Mix it in with my coffee and spread it on my toast
[01:42.72] I love the white stuff, baby
[01:46.93] In the middle of an Oreo
[01:51.04] I love the white stuff, baby
[01:54.94] Take some with me everywhere I go
[01:59.21] Might get a pimple or two
[02:03.26] Well, so what? It's all right
[02:07.68] Now Twinkies and Ding Dongs won't do
[02:11.86] All I need... You know what it is
[02:16.39] Oh, oh, oh, oh, oh Oreo
[02:20.27] Oh, oh, oh, oh, oh, the white stuff
[02:24.45] Oh, oh, oh, oh, oh, Oreo
[02:29.28] Oh, oh, oh, oh, oh, the white stuff
[02:32.74] Oh, oh, oh, oh, oh Oreo
[02:36.52] What's in the middle? The white stuff
[02:40.72] 
2026-05-08T15:20:07,553 INFO     [lyrics.py:232] Attaching  lyrics to file.
2026-05-08T15:20:07,639 INFO     [lyrics.py:59] Track: “Weird Al” Yankovic - When I Was Your Age (Off the Deep End) (duration: 276.11)
2026-05-08T15:20:07,641 DEBUG    [connectionpool.py:1049] Starting new HTTPS connection (1): lrclib.net:443
2026-05-08T15:20:18,069 DEBUG    [connectionpool.py:544] https://lrclib.net:443 "GET /api/search?q=When+I+Was+Your+Age+%E2%80%9CWeird+Al%E2%80%9D+Yankovic+Off+the+Deep+End HTTP/1.1" 200 None
2026-05-08T15:20:18,069 DEBUG    [lyrics.py:202] params: {'q': 'When I Was Your Age “Weird Al” Yankovic Off the Deep End'}
2026-05-08T15:20:18,069 DEBUG    [lyrics.py:203] Number of results: 11
2026-05-08T15:20:27,350 INFO     [lyrics.py:106] Lyrics selected
2026-05-08T15:20:27,351 DEBUG    [lyrics.py:107] [00:29.06] Let me tell you, sonny, let me set you straight
[00:32.95] You kids today ain't never had it rough
[00:37.87] Always had everything handed to you on a silver plate
[00:42.72] You lazy brats think nothing's good enough
[00:46.57] Well, nobody ever drove me to school when it was ninety degrees below
[00:52.78] We had to walk buck naked through forty miles of snow
[00:57.27] Worked in the coal mine twenty two hours a day for just half a cent
[01:01.76] Had to sell my internal organs just to pay the rent
[01:05.13] When I was your age
[01:09.24] When I was your age
[01:14.00] When I was your age
[01:18.98] When I was your age
[01:25.45] Let me tell you something, you whiny little snot
[01:29.49] There's something wrong with all you kids today
[01:34.53] You just don't appreciate all the things you've got
[01:38.78] We were hungry, broke and miserable and we liked it fine that way
[01:44.21] There were seventy three of us living in a cardboard box
[01:49.17] All I got for Christmas was a lousy bag of rocks
[01:53.66] Every night for dinner, we had a big ol' chunk of dirt
[01:58.46] If we were really good, we didn't get dessert
[02:01.52] When I was your age
[02:05.75] When I was your age
[02:11.04] When I was your age
[02:15.53] When I was your age
[02:22.05] I didn't have no telephone, didn't have no FAX machine
[02:26.60] All we had was a couple cans and a crummy piece of string
[02:31.10] Didn't have no swimming pool when I was just a lad
[02:36.12] Our neighbor's septic tank was the closest thing we had
[02:40.63] Didn't have no dental floss, had to use old rusty nails
[02:45.74] Didn't have Nintendo, we just poured salt on snails
[02:49.89] Didn't have no water bed, had to sleep on broken glass
[02:54.89] Didn't have no lawnmower, we used our teeth to cut the grass
[03:18.57] What's the matter now, sonny, you say you don't believe this junk?
[03:22.35] You think my story's wearin' kinda thin?
[03:27.81] I tell you one thing, I never was such a disrespectful punk
[03:31.44] Back in my time, we had a thing called discipline
[03:37.24] Dad would whoop us every night 'til a quarter after twelve
[03:41.57] Then he'd get too tired and he'd make us whoop ourselves
[03:46.50] Then he'd chop me into pieces and play frisbee with my brain
[03:51.38] And let me tell ya, Junior, you never heard me complain
[03:54.60] When I was your age
[03:59.09] When I was your age
[04:03.97] When I was your age
[04:08.74] When I was your age
[04:13.09] When I was your age
[04:17.79] When I was your age
[04:22.83] When I was your age
[04:26.31] When I was your age
[04:27.86] When I was your age
[04:29.30] 
2026-05-08T15:20:27,351 INFO     [lyrics.py:232] Attaching  lyrics to file.
2026-05-08T15:20:27,505 INFO     [lyrics.py:59] Track: “Weird Al” Yankovic - Taco Grande (Off the Deep End) (duration: 224.68)
2026-05-08T15:20:27,507 DEBUG    [connectionpool.py:1049] Starting new HTTPS connection (1): lrclib.net:443
2026-05-08T15:20:36,883 DEBUG    [connectionpool.py:544] https://lrclib.net:443 "GET /api/search?q=Taco+Grande+%E2%80%9CWeird+Al%E2%80%9D+Yankovic+Off+the+Deep+End HTTP/1.1" 200 None
2026-05-08T15:20:36,884 DEBUG    [lyrics.py:202] params: {'q': 'Taco Grande “Weird Al” Yankovic Off the Deep End'}
2026-05-08T15:20:36,884 DEBUG    [lyrics.py:203] Number of results: 14
2026-05-08T15:20:58,026 INFO     [lyrics.py:106] Lyrics selected
2026-05-08T15:20:58,026 DEBUG    [lyrics.py:107] [00:09.00] Taco
[00:15.33] Grande
[00:20.80] Taco
[00:24.76] Grande
[00:26.99] Yo quiero chimichangas y chile colorado
[00:28.87] Yo tengo el dinero para un steak picado
[00:31.29] Las flautas y tamales, siempre muy bueno
[00:33.24] Y el chile relleno
[00:35.20] You see, I just gotta have a tostada, carne asada
[00:38.21] That's right, I want the whole enchilada
[00:40.09] My only addiction has to do with a flour tortilla
[00:42.81] I need a quesadilla
[00:44.62] I love to stuff my face with tacos al carbón
[00:46.70] With my friends, or when I'm all alone
[00:49.43] Yo tengo mucho hambre y ahora lo quiero
[00:51.45] Un burrito ranchero
[00:53.40] So give me something spicy and hot, now
[00:55.92] Break out the menu, what you got, now?
[00:57.72] Oh, would you tell the waiter I'd like to have sour cream on the side
[01:00.75] You better make sure the beans are refried
[01:02.52] Taco
[01:08.36] Grande
[01:11.60] Taco
[01:17.69] Grande
[01:20.15] Well, there's not a taco big enough for a man like me
[01:23.08] That's why I order two or three
[01:24.69] Let me give you a tip, just try a nacho chip
[01:26.95] It's really good with bean dip
[01:28.94] I eat uno, dos, tres, cuatro burritos
[01:31.54] Pretty soon I can't fit in my Speedos
[01:33.84] Well, I hope they feed us lots of chicken fajitas
[01:36.24] And a pitcher of margaritas
[01:38.08] Well, the combination plates all come with beans and rice
[01:40.94] The taquitos here are very nice
[01:42.51] Now I'm down on my knees, we need some extra tomatoes and cheese
[01:45.47] And could you make that separate checks, please?
[01:48.32] Taco
[01:53.62] Grande
[01:57.94] Taco
[02:02.56] Grande
[02:05.47] "Buenos noches, señor. bienvenido a Enrico's Casa de Salsa
[02:08.99] Tenemos muchos platos muy sabrosos si puedo recomendar el ardiente pollo al infierno muy delicioso
[02:14.98] Sus ojos se quemarán, su estomago estará en fuego
[02:17.72] Se quedarán en el baño por una semana, entiendes lo que digo gringo estúpido tonto?"
[02:22.72] Well, the food is coming, I can hardly wait
[02:24.99] Now watch your fingers, careful hot plate!
[02:27.28] What you think you're doing with my chile con queso?
[02:29.80] Well, if you want some, just say so
[02:31.60] Oh boy, pico de gallo
[02:34.16] They sure don't make it like this in Ohio
[02:36.43] No gracias, yo quiero jalepeños, nada más
[02:39.06] You can toss away the hot sauce
[02:40.82] ¿Dónde están los nachos? Holy frijole!
[02:42.95] You better get me a bowl of guacamole
[02:45.25] ¿Y usted, Eugene? Why's your face turning green?
[02:47.58] Don't you like pinto bean?
[02:49.47] You want some more cinnamon crispas?
[02:52.16] If you don't, hasta la vista
[02:53.77] Just take the rest home in a doggie bag if you wanna
[02:57.06] You can finish it mañana
[02:58.52] Well, it's been a pleasure, I can't eat no more
[03:00.81] Señor, la cuenta, por favor
[03:02.85] If you ain't tried real Mexican cooking, well, you oughta
[03:06.44] Just don't drink the water
[03:10.08] Taco
[03:14.85] Grande
[03:19.09] Taco
[03:23.22] Grande
[03:27.98] Taco
[03:32.83] Grande
[03:37.08] 
2026-05-08T15:20:58,026 INFO     [lyrics.py:232] Attaching  lyrics to file.
2026-05-08T15:20:58,146 INFO     [lyrics.py:59] Track: “Weird Al” Yankovic - Airline Amy (Off the Deep End) (duration: 230.37)
2026-05-08T15:20:58,148 DEBUG    [connectionpool.py:1049] Starting new HTTPS connection (1): lrclib.net:443
2026-05-08T15:21:09,058 DEBUG    [connectionpool.py:544] https://lrclib.net:443 "GET /api/search?q=Airline+Amy+%E2%80%9CWeird+Al%E2%80%9D+Yankovic+Off+the+Deep+End HTTP/1.1" 200 None
2026-05-08T15:21:09,058 DEBUG    [lyrics.py:202] params: {'q': 'Airline Amy “Weird Al” Yankovic Off the Deep End'}
2026-05-08T15:21:09,058 DEBUG    [lyrics.py:203] Number of results: 11
2026-05-08T15:21:17,745 INFO     [lyrics.py:106] Lyrics selected
2026-05-08T15:21:17,745 DEBUG    [lyrics.py:107] [00:12.66] Met this pretty young stewardess on a non-stop flight
[00:18.72] She showed me to my seat and it was love at first sight
[00:24.97] Now lately I've been flying to all kinds of places
[00:28.43] That I never really wanted to go
[00:31.50] 'Cause I'll do anything just to spend a little time
[00:34.43] With the sutest flight attendant I know
[00:37.82] You set my ever-lovin' heart on fire, Airline Amy
[00:43.97] Tell me I'm your favorite frequent flyer, Airline Amy
[00:50.20] Found a little piece of heaven on a 747
[00:56.61] And no one else can take me higher than Airline Amy
[01:03.21] Every one of our dates is at thirty thousand feet
[01:09.22] She always points out the exits to me, she's so sweet
[01:16.42] You know she gets me my headphones for free
[01:18.81] Refills my coffee cup whenevr I ask
[01:21.99] And you gotta admit my baby looks pretty hot
[01:25.16] When she's wearin' that oxygen mask
[01:27.46] Well well, you set my ever-lovin' heart on fire, Airline Amy
[01:34.54] Tell me I'm your favorite frequent flyer, Airline Amy
[01:40.71] Found a little piece of heaven on a 747
[01:47.37] And no one else can take me higher than Airline Amy
[01:51.81] 
[02:19.52] Amy, darlin', don't you know you really drive me nuts
[02:25.42] Every time you're handing out those honey roasted peanuts
[02:31.84] Airline Amy, this is my new mission
[02:38.05] Gotta get you in an upright locked position
[02:43.12] Oh yeah, you set my ever-lovin' heart on fire, Airline Amy
[02:50.35] Tell me I'm your favorite frequent flyer, Airline Amy
[02:56.78] Found a little piece of heaven on a 747
[03:05.23] And no one else can take me higher than Airline Amy
[03:10.16] Yeah yeah, you set my ever-lovin' heart on fire, Airline Amy
[03:17.56] You're the only woman I desire, Airline Amy
[03:23.70] Found a little piece of heaven on a 747
[03:29.83] And no one else can take me higher
[03:33.47] No one else can take me higher
[03:36.38] And no one else can take me higher than Airline Amy
[03:42.06] 
2026-05-08T15:21:17,745 INFO     [lyrics.py:232] Attaching  lyrics to file.
2026-05-08T15:21:17,923 INFO     [lyrics.py:59] Track: “Weird Al” Yankovic - The Plumbing Song (Off the Deep End) (duration: 246.28)
2026-05-08T15:21:17,924 DEBUG    [connectionpool.py:1049] Starting new HTTPS connection (1): lrclib.net:443
2026-05-08T15:21:30,184 DEBUG    [connectionpool.py:544] https://lrclib.net:443 "GET /api/search?q=The+Plumbing+Song+%E2%80%9CWeird+Al%E2%80%9D+Yankovic+Off+the+Deep+End HTTP/1.1" 200 None
2026-05-08T15:21:30,185 DEBUG    [lyrics.py:202] params: {'q': 'The Plumbing Song “Weird Al” Yankovic Off the Deep End'}
2026-05-08T15:21:30,185 DEBUG    [lyrics.py:203] Number of results: 17
2026-05-08T15:22:19,412 INFO     [lyrics.py:106] Lyrics selected
2026-05-08T15:22:19,412 DEBUG    [lyrics.py:107] [00:01.71] Who fixes plumbing problems in a flash
[00:04.05] 24 hours a day, seven days a week?
[00:07.02] 
[00:26.50] Baby, I sure wish I could lend you a hand
[00:28.94] But plumbing's one thing I don't understand
[00:31.32] It's true (haven't got a clue)
[00:35.77] B-b-b-baby, I can tell you've got a big problem
[00:38.01] When I flush the john, then your shower goes on
[00:41.63] (Baby) now watcha gonna do?
[00:45.42] If Drano's a joke and your plunger is broke
[00:47.53] Baby, call the mensch with a monkey wrench
[00:51.11] (Baby) he'll be there for you
[00:55.84] Shower's backing up (up, up)
[01:00.48] Water won't go down (down, down)
[01:04.40] Ba ba-ba-ba, ba ba-ba-ba, baby
[01:09.59] Don't forget my plumber
[01:13.68] Ba ba-ba-ba, ba ba-ba-ba, baby
[01:18.75] Sink's been stopped up all summer
[01:23.14] Ba ba-ba-ba, ba ba-ba-ba, baby
[01:28.39] Better call the plumber
[01:32.84] He'll know what to do
[01:36.71] Pipes been blowing up
[01:41.79] Pipes been breaking down
[01:46.95] And the carpet's soaked right through
[01:54.02] Ba-ba ba ba ba, ba-ba ba ba ba ba
[01:58.62] Ba-ba ba ba ba, kitchen's flooded, too
[02:03.34] Ba-ba ba ba ba, ba-ba ba ba ba ba
[02:07.88] Ba-ba ba ba ba, girl, you know it's true
[02:13.54] B-b-b-betcha this guy makes more than my lawyer
[02:16.18] If he works for one day, costs you half a year's pay
[02:19.74] (Baby) he can be here by two
[02:23.15] So if you've got cash, he'll be there in a flash
[02:25.69] Makin' service calls in his overalls
[02:29.09] (Baby) he'll do his best for you
[02:33.75] Sewer's backing up (up, up)
[02:38.34] Got you feelin' down (down, down)
[02:42.71] Ba ba-ba-ba, ba ba-ba-ba, baby
[02:47.43] Don't forget my plumber
[02:51.76] Ba ba-ba-ba, ba ba-ba-ba, baby
[02:56.75] Leaky pipes are a bummer
[03:00.95] Ba ba-ba-ba, ba ba-ba-ba, baby
[03:06.20] Time to call the plumber
[03:10.96] Maybe call a few
[03:14.90] Got a problem with plumbing?
[03:17.29] Gotta blame it on something
[03:20.66] Blame it on the drain, it was cloggin', cloggin'
[03:25.48] Blame it on the faucet that drips all night
[03:29.67] If hairballs, grease, and goo
[03:31.92] Won't let the water through
[03:34.42] Blame it on the drain, yeah, yeah
[03:42.67] When I flush the john, now when I flush the john
[03:46.96] It turns your shower on
[03:49.84] (Roto-Rooter 6-5000)
[03:51.36] Ba ba-ba-ba, baby
[03:55.01] Better call my plumber
[03:59.66] He'll know what to do
[04:01.98] (Call now, we're in the yellow pages!)
[04:03.96] 
2026-05-08T15:22:19,412 INFO     [lyrics.py:232] Attaching  lyrics to file.
2026-05-08T15:22:19,613 INFO     [lyrics.py:59] Track: “Weird Al” Yankovic - You Don’t Love Me Anymore (Off the Deep End) (duration: 241.89)
2026-05-08T15:22:19,614 DEBUG    [connectionpool.py:1049] Starting new HTTPS connection (1): lrclib.net:443
2026-05-08T15:22:29,735 DEBUG    [connectionpool.py:544] https://lrclib.net:443 "GET /api/search?q=You+Don%E2%80%99t+Love+Me+Anymore+%E2%80%9CWeird+Al%E2%80%9D+Yankovic+Off+the+Deep+End HTTP/1.1" 200 None
2026-05-08T15:22:29,736 DEBUG    [lyrics.py:202] params: {'q': 'You Don’t Love Me Anymore “Weird Al” Yankovic Off the Deep End'}
2026-05-08T15:22:29,736 DEBUG    [lyrics.py:203] Number of results: 20
2026-05-08T15:23:00,415 INFO     [lyrics.py:106] Lyrics selected
2026-05-08T15:23:00,415 DEBUG    [lyrics.py:107] [00:11.46] We've been together for so very long
[00:16.11] But now things are changing, oh I wonder what's wrong?
[00:22.18] Seems you don't want me around
[00:26.87] The passion is gone and the flame's died down
[00:31.79] I guess I lost a little bit of self-esteem
[00:37.61] That time that you made it with the whole hockey team
[00:43.80] You used to think I was nice
[00:48.12] Now you tell all your friends that I'm the Antichrist
[00:53.59] Oh, why did you disconnect the brakes on my car?
[00:59.26] That kind of thing is hard to ignore
[01:04.52] Got a funny feeling you don't love me anymore
[01:12.34] 
[01:21.53] I knew that we were having problems when
[01:26.25] You put those piranhas in my bathtub again
[01:32.20] You're still the light of my life
[01:37.01] Oh darling, I'm beggin', won't you put down that knife?
[01:41.74] You know, I even think it's kinda cute the way
[01:47.80] You poison my coffee just a little each day
[01:52.54] I still remember the way that you laughed
[01:59.52] When you pushed me down the elevator shaft
[02:03.37] Oh, if you don't mind me asking, what's this poisonous cobra
[02:09.71] Doing in my underwear drawer?
[02:14.13] Sometimes I get to thinking you don't love me any more
[02:22.67] 
[02:31.72] You slammed my face down on the barbecue grill
[02:35.93] Now my scars are all healing, but my heart never will
[02:42.42] You set my house on fire
[02:47.24] You pulled out my chest hairs with an old pair of pliers
[02:52.28] Oh, you think I'm ugly and you say I'm cheap
[02:57.90] You shaved off my eyebrows while I was asleep
[03:04.08] You drilled a hole in my head
[03:08.48] Then you dumped me in a drainage ditch and left me for dead
[03:13.85] Oh, you know this really isn't like you at all
[03:19.54] You never acted this way before
[03:24.99] Honey, something tells me you don't love me any more, oh no no
[03:35.74] Got a funny feeling you don't love me anymore
[03:41.59] 
2026-05-08T15:23:00,415 INFO     [lyrics.py:232] Attaching  lyrics to file.
2026-05-08T15:23:00,676 INFO     [lyrics.py:121] Lyrics found for 19 of 43 tracks.
2026-05-08T16:02:37,985 INFO     [utils.py:150] Begin logging.
2026-05-08T16:02:38,019 INFO     [lyrics.py:59] Track: Lil Texas - Rip City (EQUAL2 Remix) (Rip City (EQUAL2 Remix)) (duration: 134.95)
2026-05-08T16:02:50,709 INFO     [lyrics.py:112] No lyrics selected
2026-05-08T16:02:50,709 INFO     [lyrics.py:232] Attaching empty lyrics to file.
2026-05-08T16:02:50,709 INFO     [lyrics.py:59] Track: Metric - Antigravity (Romanticize The Dive) (duration: 219.72)
2026-05-08T16:03:02,139 INFO     [lyrics.py:136] Number of results: 1
2026-05-08T16:03:02,139 INFO     [lyrics.py:112] No lyrics selected
2026-05-08T16:03:02,139 INFO     [lyrics.py:232] Attaching empty lyrics to file.
2026-05-08T16:03:02,139 INFO     [lyrics.py:59] Track: Metric - As If You're Here (Romanticize The Dive) (duration: 216.12)
2026-05-08T16:03:11,479 INFO     [lyrics.py:136] Number of results: 2
2026-05-08T16:03:11,479 INFO     [lyrics.py:106] Lyrics selected
2026-05-08T16:03:11,479 INFO     [lyrics.py:232] Attaching  lyrics to file.
2026-05-08T16:03:11,479 INFO     [lyrics.py:59] Track: Metric - Clouds To Break (Romanticize The Dive) (duration: 278.9)
2026-05-08T16:03:21,198 INFO     [lyrics.py:112] No lyrics selected
2026-05-08T16:03:21,198 INFO     [lyrics.py:232] Attaching empty lyrics to file.
2026-05-08T16:03:21,198 INFO     [lyrics.py:59] Track: Metric - Crush Forever (Romanticize The Dive) (duration: 272.21)
2026-05-08T16:03:31,759 INFO     [lyrics.py:136] Number of results: 1
2026-05-08T16:03:31,759 INFO     [lyrics.py:112] No lyrics selected
2026-05-08T16:03:31,759 INFO     [lyrics.py:232] Attaching empty lyrics to file.
2026-05-08T16:03:31,759 INFO     [lyrics.py:59] Track: Metric - Leave You On A High (Romanticize The Dive) (duration: 215.35)
2026-05-08T16:03:44,071 INFO     [lyrics.py:112] No lyrics selected
2026-05-08T16:03:44,072 INFO     [lyrics.py:232] Attaching empty lyrics to file.
2026-05-08T16:03:44,072 INFO     [lyrics.py:59] Track: Metric - Loyal (Romanticize The Dive) (duration: 237.84)
2026-05-08T16:03:57,219 INFO     [lyrics.py:136] Number of results: 1
2026-05-08T16:03:57,219 INFO     [lyrics.py:112] No lyrics selected
2026-05-08T16:03:57,219 INFO     [lyrics.py:232] Attaching empty lyrics to file.
2026-05-08T16:03:57,219 INFO     [lyrics.py:59] Track: Metric - Moral Compass (Romanticize The Dive) (duration: 268.39)
2026-05-08T16:04:09,509 INFO     [lyrics.py:112] No lyrics selected
2026-05-08T16:04:09,509 INFO     [lyrics.py:232] Attaching empty lyrics to file.
2026-05-08T16:04:09,509 INFO     [lyrics.py:59] Track: Metric - Time Is A Bomb (Romanticize The Dive) (duration: 264.62)
2026-05-08T16:04:20,529 INFO     [lyrics.py:136] Number of results: 1
2026-05-08T16:04:20,529 INFO     [lyrics.py:106] Lyrics selected
2026-05-08T16:04:20,529 INFO     [lyrics.py:232] Attaching  lyrics to file.
2026-05-08T16:04:20,529 INFO     [lyrics.py:59] Track: Metric - Tremolo (Romanticize The Dive) (duration: 223.15)
2026-05-08T16:04:31,300 INFO     [lyrics.py:136] Number of results: 1
2026-05-08T16:04:31,300 INFO     [lyrics.py:106] Lyrics selected
2026-05-08T16:04:31,300 INFO     [lyrics.py:232] Attaching  lyrics to file.
2026-05-08T16:04:31,300 INFO     [lyrics.py:59] Track: Metric - Victim Of Luck (Romanticize The Dive) (duration: 203.35)
2026-05-08T16:04:41,279 INFO     [lyrics.py:136] Number of results: 1
2026-05-08T16:04:41,279 INFO     [lyrics.py:112] No lyrics selected
2026-05-08T16:04:41,279 INFO     [lyrics.py:232] Attaching empty lyrics to file.
2026-05-08T16:04:41,279 INFO     [lyrics.py:59] Track: Metric - Wild Rut (Romanticize The Dive) (duration: 191.28)
2026-05-08T16:04:52,089 INFO     [lyrics.py:136] Number of results: 1
2026-05-08T16:04:52,089 INFO     [lyrics.py:106] Lyrics selected
2026-05-08T16:04:52,089 INFO     [lyrics.py:232] Attaching  lyrics to file.
2026-05-08T16:04:52,089 INFO     [lyrics.py:59] Track: The Blasting Company - Potatoes and Molasses (feat. Colin Dean) (Over the Garden Wall (Original Television Soundtrack)) (duration: 72.44)
2026-05-08T16:05:04,459 INFO     [lyrics.py:136] Number of results: 4
2026-05-08T16:05:04,459 INFO     [lyrics.py:112] No lyrics selected
2026-05-08T16:05:04,459 INFO     [lyrics.py:232] Attaching empty lyrics to file.
2026-05-08T16:05:04,461 INFO     [lyrics.py:59] Track: Remzcore - Oof (Oof) (duration: 125.41)
2026-05-08T16:05:13,119 INFO     [lyrics.py:112] No lyrics selected
2026-05-08T16:05:13,119 INFO     [lyrics.py:232] Attaching empty lyrics to file.
2026-05-08T16:05:13,119 INFO     [lyrics.py:59] Track: Technikal - Emerald (Extended Mix) (Emerald) (duration: 478.33)
2026-05-08T16:05:24,490 INFO     [lyrics.py:112] No lyrics selected
2026-05-08T16:05:24,490 INFO     [lyrics.py:232] Attaching empty lyrics to file.
2026-05-08T16:05:24,490 INFO     [lyrics.py:59] Track: Technikal - Emerald (Radio Edit) (Emerald) (duration: 212.27)
2026-05-08T16:05:33,157 INFO     [lyrics.py:112] No lyrics selected
2026-05-08T16:05:33,157 INFO     [lyrics.py:232] Attaching empty lyrics to file.
2026-05-08T16:05:33,157 INFO     [lyrics.py:59] Track: Technikal - Fuschia (Extended Mix) (Fuschia) (duration: 444.03)
2026-05-08T16:05:44,859 INFO     [lyrics.py:112] No lyrics selected
2026-05-08T16:05:44,859 INFO     [lyrics.py:232] Attaching empty lyrics to file.
2026-05-08T16:05:44,859 INFO     [lyrics.py:59] Track: Technikal - Fuschia (Radio Edit) (Fuschia) (duration: 252.63)
2026-05-08T16:05:52,709 INFO     [lyrics.py:112] No lyrics selected
2026-05-08T16:05:52,709 INFO     [lyrics.py:232] Attaching empty lyrics to file.
2026-05-08T16:05:52,709 INFO     [lyrics.py:59] Track: The Pitcher - Lost and Found (Lost and Found) (duration: 197.2)
2026-05-08T16:06:00,421 INFO     [lyrics.py:112] No lyrics selected
2026-05-08T16:06:00,421 INFO     [lyrics.py:232] Attaching empty lyrics to file.
2026-05-08T16:06:00,429 INFO     [lyrics.py:59] Track: The Pitcher - Too Loud (Lost and Found) (duration: 174.21)
2026-05-08T16:06:09,029 INFO     [lyrics.py:112] No lyrics selected
2026-05-08T16:06:09,029 INFO     [lyrics.py:232] Attaching empty lyrics to file.
2026-05-08T16:06:09,032 INFO     [lyrics.py:59] Track: The Pitcher - Face The Music (Lost and Found) (duration: 205.9)
2026-05-08T16:06:20,724 INFO     [lyrics.py:112] No lyrics selected
2026-05-08T16:06:20,724 INFO     [lyrics.py:232] Attaching empty lyrics to file.
2026-05-08T16:06:20,724 INFO     [lyrics.py:59] Track: The Pitcher - Long Lost Friend (Lost and Found) (duration: 192.08)
2026-05-08T16:06:29,739 INFO     [lyrics.py:112] No lyrics selected
2026-05-08T16:06:29,739 INFO     [lyrics.py:232] Attaching empty lyrics to file.
2026-05-08T16:06:29,739 INFO     [lyrics.py:59] Track: The Pitcher - Still (Lost and Found) (duration: 255.69)
2026-05-08T16:06:39,103 INFO     [lyrics.py:112] No lyrics selected
2026-05-08T16:06:39,103 INFO     [lyrics.py:232] Attaching empty lyrics to file.
2026-05-08T16:06:39,103 INFO     [lyrics.py:59] Track: The Pitcher - Ain't Nobody (Loves Me Better) (Lost and Found) (duration: 175.26)
2026-05-08T16:06:49,869 INFO     [lyrics.py:112] No lyrics selected
2026-05-08T16:06:49,869 INFO     [lyrics.py:232] Attaching empty lyrics to file.
2026-05-08T16:06:49,869 INFO     [lyrics.py:59] Track: The Pitcher - Infinity (Lost and Found) (duration: 255.06)
2026-05-08T16:06:59,312 INFO     [lyrics.py:112] No lyrics selected
2026-05-08T16:06:59,312 INFO     [lyrics.py:232] Attaching empty lyrics to file.
2026-05-08T16:06:59,312 INFO     [lyrics.py:59] Track: The Pitcher - Wild Zone (Lost and Found) (duration: 174.26)
2026-05-08T16:07:09,460 INFO     [lyrics.py:112] No lyrics selected
2026-05-08T16:07:09,460 INFO     [lyrics.py:232] Attaching empty lyrics to file.
2026-05-08T16:07:09,460 INFO     [lyrics.py:59] Track: The Pitcher - Never Back Down (Lost and Found) (duration: 187.19)
2026-05-08T16:07:17,805 INFO     [lyrics.py:112] No lyrics selected
2026-05-08T16:07:17,805 INFO     [lyrics.py:232] Attaching empty lyrics to file.
2026-05-08T16:07:17,806 INFO     [lyrics.py:59] Track: The Pitcher - Live Forever (Lost and Found) (duration: 212.98)
2026-05-08T16:07:26,085 INFO     [lyrics.py:112] No lyrics selected
2026-05-08T16:07:26,085 INFO     [lyrics.py:232] Attaching empty lyrics to file.
2026-05-08T16:07:26,085 INFO     [lyrics.py:59] Track: The Pitcher - Nicely (Lost and Found) (duration: 180.35)
2026-05-08T16:07:36,081 INFO     [lyrics.py:112] No lyrics selected
2026-05-08T16:07:36,081 INFO     [lyrics.py:232] Attaching empty lyrics to file.
2026-05-08T16:07:36,081 INFO     [lyrics.py:59] Track: The Pitcher - Keep The Loving Coming (Lost and Found) (duration: 205.95)
2026-05-08T16:07:50,842 INFO     [lyrics.py:112] No lyrics selected
2026-05-08T16:07:50,842 INFO     [lyrics.py:232] Attaching empty lyrics to file.
2026-05-08T16:07:50,842 INFO     [lyrics.py:59] Track: The Pitcher - Counting Down The Days (Lost and Found) (duration: 182.65)
2026-05-08T16:07:58,969 INFO     [lyrics.py:112] No lyrics selected
2026-05-08T16:07:58,969 INFO     [lyrics.py:232] Attaching empty lyrics to file.
2026-05-08T16:07:58,969 INFO     [lyrics.py:121] Lyrics found for 4 of 31 tracks.
2026-05-08T16:08:59,249 INFO     [utils.py:150] Begin logging.
2026-05-08T16:08:59,284 INFO     [lyrics.py:59] Track: Lil Texas - Rip City (EQUAL2 Remix) (Rip City (EQUAL2 Remix)) (duration: 134.95)
2026-05-08T16:08:59,284 INFO     [lyrics.py:74] Lyrics already embedded in file
2026-05-08T16:08:59,284 INFO     [lyrics.py:112] No lyrics selected
2026-05-08T16:08:59,284 INFO     [lyrics.py:232] Attaching empty lyrics to file.
2026-05-08T16:08:59,284 INFO     [lyrics.py:59] Track: Metric - Antigravity (Romanticize The Dive) (duration: 219.72)
2026-05-08T16:09:30,432 INFO     [lyrics.py:106] Lyrics selected
2026-05-08T16:09:30,432 INFO     [lyrics.py:232] Attaching  lyrics to file.
2026-05-08T16:09:30,432 INFO     [lyrics.py:59] Track: Metric - As If You're Here (Romanticize The Dive) (duration: 216.12)
2026-05-08T16:09:30,434 INFO     [lyrics.py:74] Lyrics already embedded in file
2026-05-08T16:09:30,434 INFO     [lyrics.py:106] Lyrics selected
2026-05-08T16:09:30,434 INFO     [lyrics.py:232] Attaching  lyrics to file.
2026-05-08T16:09:30,434 INFO     [lyrics.py:59] Track: Metric - Clouds To Break (Romanticize The Dive) (duration: 278.9)
2026-05-08T16:09:39,449 INFO     [lyrics.py:112] No lyrics selected
2026-05-08T16:09:39,449 INFO     [lyrics.py:232] Attaching empty lyrics to file.
2026-05-08T16:09:39,449 INFO     [lyrics.py:59] Track: Metric - Crush Forever (Romanticize The Dive) (duration: 272.21)
2026-05-08T16:10:04,623 INFO     [lyrics.py:106] Lyrics selected
2026-05-08T16:10:04,623 INFO     [lyrics.py:232] Attaching  lyrics to file.
2026-05-08T16:10:04,623 INFO     [lyrics.py:59] Track: Metric - Leave You On A High (Romanticize The Dive) (duration: 215.35)
2026-05-08T16:10:15,137 INFO     [lyrics.py:112] No lyrics selected
2026-05-08T16:10:15,137 INFO     [lyrics.py:232] Attaching empty lyrics to file.
2026-05-08T16:10:15,139 INFO     [lyrics.py:59] Track: Metric - Loyal (Romanticize The Dive) (duration: 237.84)
2026-05-08T16:11:04,729 INFO     [lyrics.py:106] Lyrics selected
2026-05-08T16:11:04,729 INFO     [lyrics.py:232] Attaching  lyrics to file.
2026-05-08T16:11:04,729 INFO     [lyrics.py:59] Track: Metric - Moral Compass (Romanticize The Dive) (duration: 268.39)
2026-05-08T16:11:15,561 INFO     [lyrics.py:112] No lyrics selected
2026-05-08T16:11:15,561 INFO     [lyrics.py:232] Attaching empty lyrics to file.
2026-05-08T16:11:15,561 INFO     [lyrics.py:59] Track: Metric - Time Is A Bomb (Romanticize The Dive) (duration: 264.62)
2026-05-08T16:11:15,561 INFO     [lyrics.py:74] Lyrics already embedded in file
2026-05-08T16:11:15,561 INFO     [lyrics.py:106] Lyrics selected
2026-05-08T16:11:15,561 INFO     [lyrics.py:232] Attaching  lyrics to file.
2026-05-08T16:11:15,561 INFO     [lyrics.py:59] Track: Metric - Tremolo (Romanticize The Dive) (duration: 223.15)
2026-05-08T16:11:15,561 INFO     [lyrics.py:74] Lyrics already embedded in file
2026-05-08T16:11:15,561 INFO     [lyrics.py:106] Lyrics selected
2026-05-08T16:11:15,561 INFO     [lyrics.py:232] Attaching  lyrics to file.
2026-05-08T16:11:15,569 INFO     [lyrics.py:59] Track: Metric - Victim Of Luck (Romanticize The Dive) (duration: 203.35)
2026-05-08T16:11:40,257 INFO     [lyrics.py:106] Lyrics selected
2026-05-08T16:11:40,257 INFO     [lyrics.py:232] Attaching  lyrics to file.
2026-05-08T16:11:40,257 INFO     [lyrics.py:59] Track: Metric - Wild Rut (Romanticize The Dive) (duration: 191.28)
2026-05-08T16:11:40,257 INFO     [lyrics.py:74] Lyrics already embedded in file
2026-05-08T16:11:40,257 INFO     [lyrics.py:106] Lyrics selected
2026-05-08T16:11:40,257 INFO     [lyrics.py:232] Attaching  lyrics to file.
2026-05-08T16:11:40,257 INFO     [lyrics.py:59] Track: The Blasting Company - Potatoes and Molasses (feat. Colin Dean) (Over the Garden Wall (Original Television Soundtrack)) (duration: 72.44)
2026-05-08T16:12:10,480 INFO     [lyrics.py:106] Lyrics selected
2026-05-08T16:12:10,480 INFO     [lyrics.py:232] Attaching  lyrics to file.
2026-05-08T16:12:10,480 INFO     [lyrics.py:59] Track: Remzcore - Oof (Oof) (duration: 125.41)
2026-05-08T16:12:10,480 INFO     [lyrics.py:74] Lyrics already embedded in file
2026-05-08T16:12:10,480 INFO     [lyrics.py:112] No lyrics selected
2026-05-08T16:12:10,480 INFO     [lyrics.py:232] Attaching empty lyrics to file.
2026-05-08T16:12:10,480 INFO     [lyrics.py:59] Track: Technikal - Emerald (Extended Mix) (Emerald) (duration: 478.33)
2026-05-08T16:12:10,480 INFO     [lyrics.py:74] Lyrics already embedded in file
2026-05-08T16:12:10,480 INFO     [lyrics.py:112] No lyrics selected
2026-05-08T16:12:10,480 INFO     [lyrics.py:232] Attaching empty lyrics to file.
2026-05-08T16:12:10,480 INFO     [lyrics.py:59] Track: Technikal - Emerald (Radio Edit) (Emerald) (duration: 212.27)
2026-05-08T16:12:10,480 INFO     [lyrics.py:74] Lyrics already embedded in file
2026-05-08T16:12:10,480 INFO     [lyrics.py:112] No lyrics selected
2026-05-08T16:12:10,480 INFO     [lyrics.py:232] Attaching empty lyrics to file.
2026-05-08T16:12:10,480 INFO     [lyrics.py:59] Track: Technikal - Fuschia (Extended Mix) (Fuschia) (duration: 444.03)
2026-05-08T16:12:10,480 INFO     [lyrics.py:74] Lyrics already embedded in file
2026-05-08T16:12:10,480 INFO     [lyrics.py:112] No lyrics selected
2026-05-08T16:12:10,480 INFO     [lyrics.py:232] Attaching empty lyrics to file.
2026-05-08T16:12:10,484 INFO     [lyrics.py:59] Track: Technikal - Fuschia (Radio Edit) (Fuschia) (duration: 252.63)
2026-05-08T16:12:10,484 INFO     [lyrics.py:74] Lyrics already embedded in file
2026-05-08T16:12:10,484 INFO     [lyrics.py:112] No lyrics selected
2026-05-08T16:12:10,484 INFO     [lyrics.py:232] Attaching empty lyrics to file.
2026-05-08T16:12:10,485 INFO     [lyrics.py:59] Track: The Pitcher - Lost and Found (Lost and Found) (duration: 197.2)
2026-05-08T16:12:10,485 INFO     [lyrics.py:74] Lyrics already embedded in file
2026-05-08T16:12:10,485 INFO     [lyrics.py:112] No lyrics selected
2026-05-08T16:12:10,485 INFO     [lyrics.py:232] Attaching empty lyrics to file.
2026-05-08T16:12:10,486 INFO     [lyrics.py:59] Track: The Pitcher - Too Loud (Lost and Found) (duration: 174.21)
2026-05-08T16:12:10,486 INFO     [lyrics.py:74] Lyrics already embedded in file
2026-05-08T16:12:10,486 INFO     [lyrics.py:112] No lyrics selected
2026-05-08T16:12:10,486 INFO     [lyrics.py:232] Attaching empty lyrics to file.
2026-05-08T16:12:10,486 INFO     [lyrics.py:59] Track: The Pitcher - Face The Music (Lost and Found) (duration: 205.9)
2026-05-08T16:12:10,487 INFO     [lyrics.py:74] Lyrics already embedded in file
2026-05-08T16:12:10,487 INFO     [lyrics.py:112] No lyrics selected
2026-05-08T16:12:10,487 INFO     [lyrics.py:232] Attaching empty lyrics to file.
2026-05-08T16:12:10,487 INFO     [lyrics.py:59] Track: The Pitcher - Long Lost Friend (Lost and Found) (duration: 192.08)
2026-05-08T16:12:10,487 INFO     [lyrics.py:74] Lyrics already embedded in file
2026-05-08T16:12:10,487 INFO     [lyrics.py:112] No lyrics selected
2026-05-08T16:12:10,487 INFO     [lyrics.py:232] Attaching empty lyrics to file.
2026-05-08T16:12:10,487 INFO     [lyrics.py:59] Track: The Pitcher - Still (Lost and Found) (duration: 255.69)
2026-05-08T16:12:10,487 INFO     [lyrics.py:74] Lyrics already embedded in file
2026-05-08T16:12:10,487 INFO     [lyrics.py:112] No lyrics selected
2026-05-08T16:12:10,487 INFO     [lyrics.py:232] Attaching empty lyrics to file.
2026-05-08T16:12:10,488 INFO     [lyrics.py:59] Track: The Pitcher - Ain't Nobody (Loves Me Better) (Lost and Found) (duration: 175.26)
2026-05-08T16:12:10,488 INFO     [lyrics.py:74] Lyrics already embedded in file
2026-05-08T16:12:10,488 INFO     [lyrics.py:112] No lyrics selected
2026-05-08T16:12:10,489 INFO     [lyrics.py:232] Attaching empty lyrics to file.
2026-05-08T16:12:10,489 INFO     [lyrics.py:59] Track: The Pitcher - Infinity (Lost and Found) (duration: 255.06)
2026-05-08T16:12:10,489 INFO     [lyrics.py:74] Lyrics already embedded in file
2026-05-08T16:12:10,489 INFO     [lyrics.py:112] No lyrics selected
2026-05-08T16:12:10,489 INFO     [lyrics.py:232] Attaching empty lyrics to file.
2026-05-08T16:12:10,489 INFO     [lyrics.py:59] Track: The Pitcher - Wild Zone (Lost and Found) (duration: 174.26)
2026-05-08T16:12:10,489 INFO     [lyrics.py:74] Lyrics already embedded in file
2026-05-08T16:12:10,489 INFO     [lyrics.py:112] No lyrics selected
2026-05-08T16:12:10,489 INFO     [lyrics.py:232] Attaching empty lyrics to file.
2026-05-08T16:12:10,490 INFO     [lyrics.py:59] Track: The Pitcher - Never Back Down (Lost and Found) (duration: 187.19)
2026-05-08T16:12:10,490 INFO     [lyrics.py:74] Lyrics already embedded in file
2026-05-08T16:12:10,490 INFO     [lyrics.py:112] No lyrics selected
2026-05-08T16:12:10,490 INFO     [lyrics.py:232] Attaching empty lyrics to file.
2026-05-08T16:12:10,490 INFO     [lyrics.py:59] Track: The Pitcher - Live Forever (Lost and Found) (duration: 212.98)
2026-05-08T16:12:10,491 INFO     [lyrics.py:74] Lyrics already embedded in file
2026-05-08T16:12:10,491 INFO     [lyrics.py:112] No lyrics selected
2026-05-08T16:12:10,491 INFO     [lyrics.py:232] Attaching empty lyrics to file.
2026-05-08T16:12:10,491 INFO     [lyrics.py:59] Track: The Pitcher - Nicely (Lost and Found) (duration: 180.35)
2026-05-08T16:12:10,491 INFO     [lyrics.py:74] Lyrics already embedded in file
2026-05-08T16:12:10,491 INFO     [lyrics.py:112] No lyrics selected
2026-05-08T16:12:10,491 INFO     [lyrics.py:232] Attaching empty lyrics to file.
2026-05-08T16:12:10,492 INFO     [lyrics.py:59] Track: The Pitcher - Keep The Loving Coming (Lost and Found) (duration: 205.95)
2026-05-08T16:12:10,492 INFO     [lyrics.py:74] Lyrics already embedded in file
2026-05-08T16:12:10,492 INFO     [lyrics.py:112] No lyrics selected
2026-05-08T16:12:10,492 INFO     [lyrics.py:232] Attaching empty lyrics to file.
2026-05-08T16:12:10,492 INFO     [lyrics.py:59] Track: The Pitcher - Counting Down The Days (Lost and Found) (duration: 182.65)
2026-05-08T16:12:10,492 INFO     [lyrics.py:74] Lyrics already embedded in file
2026-05-08T16:12:10,493 INFO     [lyrics.py:112] No lyrics selected
2026-05-08T16:12:10,493 INFO     [lyrics.py:232] Attaching empty lyrics to file.
2026-05-08T16:12:10,493 INFO     [lyrics.py:121] Lyrics found for 9 of 31 tracks.
